-- MySQL dump 10.13  Distrib 5.5.52, for debian-linux-gnu (i686)
--
-- Host: localhost    Database: mobile_details_development
-- ------------------------------------------------------
-- Server version	5.5.52-0ubuntu0.14.04.1

/*!40101 SET @OLD_CHARACTER_SET_CLIENT=@@CHARACTER_SET_CLIENT */;
/*!40101 SET @OLD_CHARACTER_SET_RESULTS=@@CHARACTER_SET_RESULTS */;
/*!40101 SET @OLD_COLLATION_CONNECTION=@@COLLATION_CONNECTION */;
/*!40101 SET NAMES utf8 */;
/*!40103 SET @OLD_TIME_ZONE=@@TIME_ZONE */;
/*!40103 SET TIME_ZONE='+00:00' */;
/*!40014 SET @OLD_UNIQUE_CHECKS=@@UNIQUE_CHECKS, UNIQUE_CHECKS=0 */;
/*!40014 SET @OLD_FOREIGN_KEY_CHECKS=@@FOREIGN_KEY_CHECKS, FOREIGN_KEY_CHECKS=0 */;
/*!40101 SET @OLD_SQL_MODE=@@SQL_MODE, SQL_MODE='NO_AUTO_VALUE_ON_ZERO' */;
/*!40111 SET @OLD_SQL_NOTES=@@SQL_NOTES, SQL_NOTES=0 */;

--
-- Table structure for table `ar_internal_metadata`
--

DROP TABLE IF EXISTS `ar_internal_metadata`;
/*!40101 SET @saved_cs_client     = @@character_set_client */;
/*!40101 SET character_set_client = utf8 */;
CREATE TABLE `ar_internal_metadata` (
  `key` varchar(255) NOT NULL,
  `value` varchar(255) DEFAULT NULL,
  `created_at` datetime NOT NULL,
  `updated_at` datetime NOT NULL,
  PRIMARY KEY (`key`)
) ENGINE=InnoDB DEFAULT CHARSET=utf8;
/*!40101 SET character_set_client = @saved_cs_client */;

--
-- Dumping data for table `ar_internal_metadata`
--

LOCK TABLES `ar_internal_metadata` WRITE;
/*!40000 ALTER TABLE `ar_internal_metadata` DISABLE KEYS */;
INSERT INTO `ar_internal_metadata` VALUES ('environment','development','2016-10-21 05:15:02','2016-10-21 05:15:02');
/*!40000 ALTER TABLE `ar_internal_metadata` ENABLE KEYS */;
UNLOCK TABLES;

--
-- Table structure for table `articles`
--

DROP TABLE IF EXISTS `articles`;
/*!40101 SET @saved_cs_client     = @@character_set_client */;
/*!40101 SET character_set_client = utf8 */;
CREATE TABLE `articles` (
  `id` int(11) NOT NULL AUTO_INCREMENT,
  `title` varchar(255) DEFAULT NULL,
  `body` text,
  `created_at` datetime NOT NULL,
  `updated_at` datetime NOT NULL,
  PRIMARY KEY (`id`)
) ENGINE=InnoDB DEFAULT CHARSET=utf8;
/*!40101 SET character_set_client = @saved_cs_client */;

--
-- Dumping data for table `articles`
--

LOCK TABLES `articles` WRITE;
/*!40000 ALTER TABLE `articles` DISABLE KEYS */;
/*!40000 ALTER TABLE `articles` ENABLE KEYS */;
UNLOCK TABLES;

--
-- Table structure for table `brands`
--

DROP TABLE IF EXISTS `brands`;
/*!40101 SET @saved_cs_client     = @@character_set_client */;
/*!40101 SET character_set_client = utf8 */;
CREATE TABLE `brands` (
  `id` int(11) NOT NULL AUTO_INCREMENT,
  `name` varchar(255) DEFAULT NULL,
  `alias_name` varchar(255) DEFAULT NULL,
  `created_at` datetime NOT NULL,
  `updated_at` datetime NOT NULL,
  `logo_file_name` varchar(255) DEFAULT NULL,
  `logo_content_type` varchar(255) DEFAULT NULL,
  `logo_file_size` int(11) DEFAULT NULL,
  `logo_updated_at` datetime DEFAULT NULL,
  `image_file_name` varchar(255) DEFAULT NULL,
  `image_content_type` varchar(255) DEFAULT NULL,
  `image_file_size` int(11) DEFAULT NULL,
  `image_updated_at` datetime DEFAULT NULL,
  `priority` int(11) DEFAULT NULL,
  `description` text,
  PRIMARY KEY (`id`)
) ENGINE=InnoDB AUTO_INCREMENT=29 DEFAULT CHARSET=utf8;
/*!40101 SET character_set_client = @saved_cs_client */;

--
-- Dumping data for table `brands`
--

LOCK TABLES `brands` WRITE;
/*!40000 ALTER TABLE `brands` DISABLE KEYS */;
INSERT INTO `brands` VALUES (1,'Google','Google','2016-10-21 05:16:20','2016-10-28 10:17:15','google.jpg','image/jpeg',2688,'2016-10-27 04:25:50',NULL,NULL,NULL,NULL,4,''),(2,'LeEco','LeEco','2016-10-21 05:16:20','2016-10-28 10:14:23',NULL,NULL,NULL,NULL,NULL,NULL,NULL,NULL,5,NULL),(3,'Nokia','Nokia','2016-10-21 05:16:20','2016-10-28 10:17:15',NULL,NULL,NULL,NULL,NULL,NULL,NULL,NULL,6,NULL),(4,'Samsung','Samsung','2016-10-21 05:16:20','2016-10-28 10:17:15','samsung.png','image/png',5210,'2016-10-28 10:17:15',NULL,NULL,NULL,NULL,1,''),(5,'Lava','Lava','2016-10-21 05:16:20','2016-10-28 10:17:15',NULL,NULL,NULL,NULL,NULL,NULL,NULL,NULL,7,NULL),(6,'XOLO','XOLO','2016-10-21 05:16:20','2016-10-28 10:23:39','xolo.jpg','image/jpeg',3008,'2016-10-28 10:23:39',NULL,NULL,NULL,NULL,8,''),(7,'BLU','BLU','2016-10-21 05:16:20','2016-10-28 10:23:00',NULL,NULL,NULL,NULL,NULL,NULL,NULL,NULL,4,''),(8,'Motorola','Motorola','2016-10-21 05:16:20','2016-10-28 10:23:00','motorola.png','image/png',5957,'2016-10-28 10:14:22',NULL,NULL,NULL,NULL,5,''),(9,'Apple','Apple','2016-10-21 05:16:20','2016-10-28 10:23:01','apple.png','image/png',1244,'2016-10-27 04:25:29',NULL,NULL,NULL,NULL,6,''),(10,'Coolpad','Coolpad','2016-10-21 05:16:20','2016-10-28 10:23:01',NULL,NULL,NULL,NULL,NULL,NULL,NULL,NULL,7,NULL),(11,'Yezz','Yezz','2016-10-21 05:16:20','2016-10-28 10:23:39',NULL,NULL,NULL,NULL,NULL,NULL,NULL,NULL,11,NULL),(12,'Meizu','Meizu','2016-10-21 05:16:20','2016-10-28 10:23:39',NULL,NULL,NULL,NULL,NULL,NULL,NULL,NULL,5,NULL),(13,'Lenovo','Lenovo','2016-10-21 05:16:20','2016-10-28 10:23:40','lenovo.png','image/png',1577,'2016-10-27 04:28:04',NULL,NULL,NULL,NULL,6,''),(14,'Huawei','Huawei','2016-10-21 05:16:21','2016-10-28 10:23:40',NULL,NULL,NULL,NULL,NULL,NULL,NULL,NULL,7,NULL),(15,'Sony','Sony','2016-10-21 05:16:21','2016-10-28 10:23:40',NULL,NULL,NULL,NULL,NULL,NULL,NULL,NULL,8,NULL),(16,'Acer','Acer','2016-10-21 05:16:21','2016-10-28 10:23:40',NULL,NULL,NULL,NULL,NULL,NULL,NULL,NULL,9,NULL),(17,'ZTE','ZTE','2016-10-21 05:16:21','2016-10-28 10:23:40',NULL,NULL,NULL,NULL,NULL,NULL,NULL,NULL,10,NULL),(18,'alcatel','alcatel','2016-10-21 05:16:21','2016-10-28 10:23:40',NULL,NULL,NULL,NULL,NULL,NULL,NULL,NULL,11,NULL),(19,'HTC','HTC','2016-10-21 05:16:21','2016-10-28 10:23:40',NULL,NULL,NULL,NULL,NULL,NULL,NULL,NULL,12,NULL),(20,'Xiaomi','Xiaomi','2016-10-21 05:16:21','2016-10-28 10:23:40',NULL,NULL,NULL,NULL,NULL,NULL,NULL,NULL,13,NULL),(21,'Gionee','Gionee','2016-10-21 05:16:21','2016-10-28 10:23:40',NULL,NULL,NULL,NULL,NULL,NULL,NULL,NULL,14,NULL),(22,'YU','YU','2016-10-21 05:16:21','2016-10-28 10:23:40',NULL,NULL,NULL,NULL,NULL,NULL,NULL,NULL,15,NULL),(23,'Unnecto','Unnecto','2016-10-21 05:16:21','2016-10-28 10:23:40',NULL,NULL,NULL,NULL,NULL,NULL,NULL,NULL,16,NULL),(24,'Asus','Asus','2016-10-21 05:16:21','2016-10-28 10:23:40',NULL,NULL,NULL,NULL,NULL,NULL,NULL,NULL,17,NULL),(25,'LG','LG','2016-10-21 05:16:21','2016-10-28 10:23:40',NULL,NULL,NULL,NULL,NULL,NULL,NULL,NULL,18,NULL),(26,'Kyocera','Kyocera','2016-10-21 05:16:21','2016-10-28 10:23:41',NULL,NULL,NULL,NULL,NULL,NULL,NULL,NULL,19,NULL),(27,'Micromax','Micromax','2016-10-21 05:16:21','2016-10-28 10:23:41',NULL,NULL,NULL,NULL,NULL,NULL,NULL,NULL,20,NULL),(28,'Allview','Allview','2016-10-21 05:16:21','2016-10-28 10:23:41',NULL,NULL,NULL,NULL,NULL,NULL,NULL,NULL,21,NULL);
/*!40000 ALTER TABLE `brands` ENABLE KEYS */;
UNLOCK TABLES;

--
-- Table structure for table `ckeditor_assets`
--

DROP TABLE IF EXISTS `ckeditor_assets`;
/*!40101 SET @saved_cs_client     = @@character_set_client */;
/*!40101 SET character_set_client = utf8 */;
CREATE TABLE `ckeditor_assets` (
  `id` int(11) NOT NULL AUTO_INCREMENT,
  `data_file_name` varchar(255) NOT NULL,
  `data_content_type` varchar(255) DEFAULT NULL,
  `data_file_size` int(11) DEFAULT NULL,
  `assetable_id` int(11) DEFAULT NULL,
  `assetable_type` varchar(30) DEFAULT NULL,
  `type` varchar(30) DEFAULT NULL,
  `width` int(11) DEFAULT NULL,
  `height` int(11) DEFAULT NULL,
  `created_at` datetime NOT NULL,
  `updated_at` datetime NOT NULL,
  PRIMARY KEY (`id`),
  KEY `idx_ckeditor_assetable_type` (`assetable_type`,`type`,`assetable_id`),
  KEY `idx_ckeditor_assetable` (`assetable_type`,`assetable_id`)
) ENGINE=InnoDB DEFAULT CHARSET=utf8;
/*!40101 SET character_set_client = @saved_cs_client */;

--
-- Dumping data for table `ckeditor_assets`
--

LOCK TABLES `ckeditor_assets` WRITE;
/*!40000 ALTER TABLE `ckeditor_assets` DISABLE KEYS */;
/*!40000 ALTER TABLE `ckeditor_assets` ENABLE KEYS */;
UNLOCK TABLES;

--
-- Table structure for table `phone_details`
--

DROP TABLE IF EXISTS `phone_details`;
/*!40101 SET @saved_cs_client     = @@character_set_client */;
/*!40101 SET character_set_client = utf8 */;
CREATE TABLE `phone_details` (
  `id` int(11) NOT NULL AUTO_INCREMENT,
  `phone_id` int(11) DEFAULT NULL,
  `brand_id` int(11) DEFAULT NULL,
  `created_at` datetime NOT NULL,
  `updated_at` datetime NOT NULL,
  `display_size` varchar(255) DEFAULT NULL,
  `display_resolution` varchar(255) DEFAULT NULL,
  `display_type` varchar(255) DEFAULT NULL,
  `display_multitouch` tinyint(1) DEFAULT NULL,
  `ram` varchar(255) DEFAULT NULL,
  `chipset` varchar(255) DEFAULT NULL,
  `battery_capacity` varchar(255) DEFAULT NULL,
  `battery_type` varchar(255) DEFAULT NULL,
  `technology` varchar(255) DEFAULT NULL,
  `2g_bands` varchar(255) DEFAULT NULL,
  `3g_bands` varchar(255) DEFAULT NULL,
  `4g_bands` varchar(255) DEFAULT NULL,
  `gprs` varchar(255) DEFAULT NULL,
  `edge` varchar(255) DEFAULT NULL,
  `announced` varchar(255) DEFAULT NULL,
  `status` varchar(255) DEFAULT NULL,
  `dimensions` varchar(255) DEFAULT NULL,
  `weight` varchar(255) DEFAULT NULL,
  `sim` varchar(255) DEFAULT NULL,
  `os` varchar(255) DEFAULT NULL,
  `cpu_type` varchar(255) DEFAULT NULL,
  `cpu_speed` varchar(255) DEFAULT NULL,
  `gpu` varchar(255) DEFAULT NULL,
  `card_slot` varchar(255) DEFAULT NULL,
  `rom` varchar(255) DEFAULT NULL,
  `primary_camera` varchar(255) DEFAULT NULL,
  `camera_features` varchar(255) DEFAULT NULL,
  `video` varchar(255) DEFAULT NULL,
  `secondary_camera` varchar(255) DEFAULT NULL,
  `alert_types` varchar(255) DEFAULT NULL,
  `loud_speaker` tinyint(1) DEFAULT NULL,
  `3.5mm_jack` varchar(255) DEFAULT NULL,
  `wlan` varchar(255) DEFAULT NULL,
  `bluetooth` varchar(255) DEFAULT NULL,
  `gps` varchar(255) DEFAULT NULL,
  `nfc` tinyint(1) DEFAULT NULL,
  `sensors` varchar(255) DEFAULT NULL,
  `messaging` varchar(255) DEFAULT NULL,
  `browser` varchar(255) DEFAULT NULL,
  `java` tinyint(1) DEFAULT '0',
  `colors` varchar(255) DEFAULT NULL,
  `price_in_rupees` float DEFAULT NULL,
  `price_in_dollar` float DEFAULT NULL,
  `protection` varchar(255) DEFAULT NULL,
  `speed` varchar(255) DEFAULT NULL,
  PRIMARY KEY (`id`),
  KEY `index_phone_details_on_phone_id` (`phone_id`),
  KEY `index_phone_details_on_brand_id` (`brand_id`)
) ENGINE=InnoDB AUTO_INCREMENT=101 DEFAULT CHARSET=utf8;
/*!40101 SET character_set_client = @saved_cs_client */;

--
-- Dumping data for table `phone_details`
--

LOCK TABLES `phone_details` WRITE;
/*!40000 ALTER TABLE `phone_details` DISABLE KEYS */;
INSERT INTO `phone_details` VALUES (1,1,1,'2016-10-21 05:34:25','2016-10-21 05:34:25','5.2 inches','1080 x 1920 pixels (~424 ppi pixel density)','Capacitive touchscreen, 16M colors',1,'4 GB RAM','Qualcomm MSM8996 Snapdragon 820','Non-removable battery',NULL,'GSM / HSPA / LTE','GSM 850 / 900 / 1800 / 1900 ','HSDPA 850 / 900 / 1900 / 2100 ',' LTE','Yes','Yes','Exp. announcement 2015, October','Rumored. Exp. release 2016, October','-','-','Nano-SIM','Android OS, v7.1 (Nougat)',NULL,NULL,NULL,'No','32/64/128 GB',NULL,NULL,'2160p@30fps','8 MP, f/2.0, 1/3.2\" sensor size, 1.4 Âµm pixel size, 1080p','Vibration; MP3, WAV ringtones',1,NULL,'Wi-Fi 802.11 a/b/g/n/ac, dual-band, Wi-Fi Direct, DLNA, hotspot','v4.2, A2DP, LE','Yes, with A-GPS, GLONASS',NULL,'Fingerprint, accelerometer, gyro, proximity, compass, barometer','SMS(threaded view), MMS, Email, Push Mail, IM','HTML5',0,'Various',20000,3000,'Corning Gorilla Glass (unspecified version)','HSPA 42.2/5.76 Mbps, LTE Cat6 300/50 Mbps'),(2,2,1,'2016-10-21 05:34:25','2016-10-21 05:34:25','5.5 inches','1440 x 2560 pixels (~534 ppi pixel density)','Capacitive touchscreen, 16M colors',1,'4 GB RAM','Qualcomm MSM8996 Snapdragon 820','Non-removable battery',NULL,'GSM / HSPA / LTE','GSM 850 / 900 / 1800 / 1900 ','HSDPA 850 / 900 / 1900 / 2100 ',' LTE','Yes','Yes','Exp. announcement 2015, October','Rumored. Exp. release 2016, October','-','-','Nano-SIM','Android OS, v7.1 (Nougat)',NULL,NULL,NULL,'No','32/64/128 GB',NULL,NULL,'2160p@30fps','8 MP, f/2.0, 1/3.2\" sensor size, 1.4 Âµm pixel size, 1080p','Vibration; MP3, WAV ringtones',1,NULL,'Wi-Fi 802.11 a/b/g/n/ac, dual-band, Wi-Fi Direct, DLNA, hotspot','v4.2, A2DP, LE','Yes, with A-GPS, GLONASS',NULL,'Fingerprint, accelerometer, gyro, proximity, compass, barometer','SMS(threaded view), MMS, Email, Push Mail, IM','HTML5',0,'Various',20000,3000,'Corning Gorilla Glass (unspecified version)','HSPA 42.2/5.76 Mbps, LTE Cat6 300/50 Mbps'),(3,3,2,'2016-10-21 05:34:25','2016-10-21 05:34:25','5.5 inches (~73.8% screen-to-body ratio)','1080 x 1920 pixels (~403 ppi pixel density)','IPS LCD capacitive touchscreen, 16M colors',1,'4 GB RAM or 64/128 GB','Qualcomm MSM8996 Snapdragon 821','Non-removable Li-Ion','4070 mAh','GSM / CDMA / HSPA / EVDO / LTE','GSM 850 / 900 / 1800 / 1900 - SIM 1 & SIM 2','HSDPA 850 / 900 / 1900 / 2100 ','LTE band 1(2100), 3(1800), 7(2600), 38(2600), 39(1900), 40(2300), 41(2500)','Yes','Yes','2016, September','Coming soon. Exp. release 2016, September','151.4 x 73.9 x 7.5 mm (5.96 x 2.91 x 0.30 in)','175 g (6.17 oz)','Dual SIM (Nano-SIM, dual stand-by)','Android OS, v6.0 (Marshmallow)','(2x2.35','Quad-core','Adreno 530','No','32/64 GB',NULL,NULL,'2160p@30fps, 1080p@30fps, 720p@120fps','8 MP, f/2.2, 1.4 Âµm pixel size, 1080p','Vibration; MP3, WAV ringtones',1,NULL,'Wi-Fi 802.11 a/b/g/n/ac, dual-band, WiFi Direct, hotspot','v4.2, A2DP, LE','Yes, with A-GPS, GLONASS, BDS',NULL,'Fingerprint, accelerometer, gyro, proximity, compass','SMS (threaded view), MMS, Email, Push Email','HTML5',0,'Rose gold, gold, silver, gray',20000,3000,NULL,'HSPA 42.2/5.76 Mbps, LTE Cat12 600/150 Mbps'),(4,4,3,'2016-10-21 05:34:25','2016-10-21 05:34:25','2.4 inches (~30.1% screen-to-body ratio)','240 x 320 pixels (~167 ppi pixel density)','TFT',0,NULL,NULL,'Removable Li-Ion','1020 mAh','GSM','GSM 900 / 1800 - SIM 1 & SIM 2 (dual-SIM model only)',NULL,NULL,'Up to 85.6 kbps','Up to 236.8 kbps','2016, September','Coming soon. Exp. release 2016, October','118 x 50.2 x 13.5 mm, 71.7 cc (4.65 x 1.98 x 0.53 in)','82.6 (2.93 oz)','Single SIM (Mini-SIM) or Dual SIM (Mini-SIM, dual stand-by)',NULL,NULL,NULL,NULL,'microSD, up to 32 GB (dedicated slot)','16 MB RAM',NULL,NULL,'240p@15fps','VGA','Vibration, MP3 ringtones',1,NULL,'No','v3.0, A2DP','No',NULL,NULL,'SMS, MMS','WAP 2.0/xHTML',0,'Black, Gray, Mint',20000,3000,NULL,NULL),(5,5,4,'2016-10-21 05:34:26','2016-10-21 05:34:26','5.0 inches (~69.4% screen-to-body ratio)','720 x 1280 pixels (~294 ppi pixel density)','IPS LCD capacitive touchscreen, 16M colors',1,'2 GB RAM',NULL,'Non-removable Li-Ion','2400 mAh','GSM / HSPA / LTE','GSM 850 / 900 / 1800 / 1900 - SIM 1 & SIM 2','HSDPA 850 / 900 / 1900 / 2100 ','LTE band 1(2100), 3(1800), 5(850), 7(2600), 8(900), 20(800), 38(2600), 40(2300)','Yes','Yes','2016, September','Coming soon. Exp. release 2016, October','142.8 x 69.5 x 8.1 mm (5.62 x 2.74 x 0.32 in)','143 g (5.04 oz)','Dual SIM (Nano-SIM, dual stand-by)','Android OS, v6.0.1 (Marshmallow)','1.4','Quad-core',NULL,'microSD, up to 256 GB (dedicated slot)','16 GB',NULL,NULL,'1080p@30fps','5 MP, f/2.2','Vibration; MP3, WAV ringtones',1,NULL,'Wi-Fi 802.11 b/g/n, Wi-Fi Direct, hotspot','v4.1, A2DP','Yes, with A-GPS, GLONASS/ BDS (region dependent)',NULL,'Fingerprint, accelerometer, proximity','SMS(threaded view), MMS, Email, Push Mail, IM','HTML5',0,'Black, Gold',20000,3000,'To be confirmed','HSPA, LTE Cat4 150/50 Mbps'),(6,6,5,'2016-10-21 05:34:26','2016-10-21 05:34:26','5.0 inches (~65.8% screen-to-body ratio)','480 x 854 pixels (~196 ppi pixel density)','TFT capacitive touchscreen, 16M colors',1,'1 GB RAM',NULL,'Li-Ion 2350','mAh battery','GSM / HSPA / LTE','GSM 900 / 1800 - SIM 1 & SIM 2','HSDPA 900 / 2100 ','LTE band 3(1800), 5(850), 40(2300)','Yes','Yes','2016, September','Available. Released 2016, September','145.5 x 72 x 9.2 mm (5.73 x 2.83 x 0.36 in)','160 g (5.64 oz)','Dual SIM','Android OS, v6.0 (Marshmallow)','1.3','Quad-core',NULL,'microSD, up to 32 GB','8 GB',NULL,NULL,'720p@30fps','5 MP, LED flash','Vibration; MP3, WAV ringtones',1,NULL,'Wi-Fi 802.11 b/g/n, hotspot','v4.0','Yes, with A-GPS',NULL,'Accelerometer','SMS(threaded view), MMS, Email, IM','HTML',0,'Black, Gold, Gray',20000,3000,NULL,'HSPA, LTE Cat4 150/50 Mbps'),(7,7,5,'2016-10-21 05:34:26','2016-10-21 05:34:26','5.5 inches (~69.0% screen-to-body ratio)','720 x 1280 pixels (~267 ppi pixel density)','IPS LCD capacitive touchscreen, 16M colors',1,'1 GB RAM',NULL,'Li-Po 2600','mAh battery','GSM / HSPA / LTE','GSM 900 / 1800 - SIM 1 & SIM 2','HSDPA 900 / 2100 ','LTE band 3(1800), 5(850), 40(2300)','Yes','Yes','2016, September','Available. Released 2016, September','155 x 78 x 9 mm (6.10 x 3.07 x 0.35 in)','-','Dual SIM','Android OS, v6.0 (Marshmallow)','1.3','Quad-core',NULL,'microSD, up to 32 GB','8 GB',NULL,NULL,'1080p@30fps','5 MP, LED flash','Vibration; MP3, WAV ringtones',1,NULL,'Wi-Fi 802.11 b/g/n, hotspot','v4.0','Yes, with A-GPS',NULL,'Accelerometer, proximity','SMS(threaded view), MMS, Email, IM','HTML',0,'Black/Gold',20000,3000,NULL,'HSPA, LTE'),(8,8,6,'2016-10-21 05:34:26','2016-10-21 05:34:26','5.0 inches (~65.8% screen-to-body ratio)','720 x 1280 pixels (~294 ppi pixel density)','IPS LCD capacitive touchscreen, 16M colors',1,'1 GB RAM','Spreadtrum SC9832A','Removable Li-Po','2500 mAh','GSM / HSPA / LTE','GSM 850 / 900 / 1800 / 1900 - SIM 1 & SIM 2','HSDPA 900 / 2100 ','LTE band 3(1800), 5(850), 40(2300)','Yes','Yes','2016, September','Available. Released 2016, September','145.5 x 72 x 8.6 mm (5.73 x 2.83 x 0.34 in)','-','Dual SIM','Android OS, v6.0 (Marshmallow)','1.3','Quad-core','Mali-400MP3','microSD, up to 32 GB','8 GB',NULL,NULL,'1080p@30fps','5 MP, dual-LED flash','Vibration; MP3, WAV ringtones',1,NULL,'Wi-Fi 802.11 b/g/n, hotspot','v4.0','Yes, with A-GPS',NULL,'Accelerometer, proximity','SMS(threaded view), MMS, Email, Push Email, IM','HTML5',0,'Black, Brown/Gold',20000,3000,'Corning Gorilla Glass','HSPA 21.1/5.76 Mbps, LTE Cat4 150/50 Mbps'),(9,9,7,'2016-10-21 05:34:26','2016-10-21 05:34:26','5.5 inches (~71.4% screen-to-body ratio)','1080 x 1920 pixels (~401 ppi pixel density)','IPS LCD capacitive touchscreen, 16M colors',1,'3 GB RAM','Mediatek MT6753','Non-removable Li-Po','3150 mAh','GSM / HSPA / LTE','GSM 850 / 900 / 1800 / 1900 - SIM 1 & SIM 2','HSDPA 850 / 1700(AWS) / 1900 / 2100 ','LTE band 2(1900), 4(1700/2100), 7(2600), 12(700), 17(700)','Yes','Yes','2016, September','Available. Released 2016, September','154.5 x 75.6 x 8.3 mm (6.08 x 2.98 x 0.33 in)','166 g (5.86 oz)','Dual SIM (Micro-SIM/Nano-SIM, dual stand-by)','Android OS, v6.0 (Marshmallow)','1.3','Octa-core','Mali-T720MP3','microSD, up to 256 GB (uses SIM 2 slot)','32 GB',NULL,NULL,'1080p@30fps','8 MP, LED flash','Vibration; MP3, WAV ringtones',1,NULL,'Wi-Fi 802.11 b/g/n, Wi-Fi Direct, hotspot','v4.0, A2DP','Yes, with A-GPS',NULL,'Fingerprint, accelerometer, proximity','SMS(threaded view), MMS, Email, Push Email, IM','HTML5',0,'Gray, Gold',20000,3000,NULL,'HSPA 42.2/11.5 Mbps, LTE Cat4 150/50 Mbps'),(10,10,8,'2016-10-21 05:34:26','2016-10-21 05:34:26','5.0 inches (~66.9% screen-to-body ratio)','720 x 1280 pixels (~294 ppi pixel density)','IPS LCD capacitive touchscreen, 16M colors',1,'2 GB RAM','Mediatek MT6735P','Non-removable Li-Ion','3500 mAh','GSM / HSPA / LTE','GSM 850 / 900 / 1800 / 1900 ','HSDPA 850 / 900 / 1900 / 2100 ','LTE band 1(2100), 3(1800), 5(850), 7(2600), 8(900), 20(800), 38(2600), 40(2300), 41(2500)','Yes','Yes','2016, September','Available. Released 2016, September','143.8 x 71.6 x 9.6 mm (5.66 x 2.82 x 0.38 in)','153.5 g (5.43 oz)','Dual SIM (Micro-SIM, dual stand-by)','Android OS, v6.0.1 (Marshmallow)','1.0','Quad-core','Mali-T720MP2','microSD, up to 32 GB (dedicated slot)','16 GB',NULL,NULL,'720p@30fps','5 MP','Vibration; MP3, WAV ringtones',1,NULL,'Wi-Fi 802.11 b/g/n, hotspot','v4.0, LE','Yes, with A-GPS',NULL,'Accelerometer, proximity','SMS(threaded view), MMS, Email, Push Email, IM','HTML5',0,'Black, White',20000,3000,'To be confirmed','HSPA, LTE Cat4 150/50 Mbps'),(11,11,4,'2016-10-21 05:34:26','2016-10-21 05:34:26','4.7 inches','720 x 1280 pixels (~312 ppi pixel density)','Super AMOLED capacitive touchscreen, 16M colors',1,'2 GB RAM',NULL,'Non-removable Li-Ion',NULL,'GSM / HSPA / LTE','GSM 850 / 900 / 1800 / 1900 - SIM 1 & SIM 2 (dual-SIM model only)','HSDPA 850 / 900 / 1900 / 2100 ','LTE band 1(2100), 3(1800), 5(850), 7(2600), 8(900), 20(800), 40(2300)','Yes','Yes','Not announced yet','Rumored','-','-','Single SIM (Nano-SIM) or Dual SIM (Nano-SIM, dual stand-by)','Android OS, v6.0.1 (Marshmallow)','1.5','Octa-core','Mali-T830MP2','microSD, up to 256 GB (uses SIM 2 slot)','8/16 GB',NULL,NULL,'1080p@30fps','8 MP, f/1.8','Vibration; MP3, WAV ringtones',1,NULL,'Wi-Fi 802.11 b/g/n, Wi-Fi Direct, hotspot','v4.1, A2DP, EDR, LE','Yes, with A-GPS, GLONASS/ BDS (market dependant)',NULL,'Accelerometer, proximity, compass','SMS(threaded view), MMS, Email, Push Mail, IM','HTML5',0,'Black, White, Gold, Pink',20000,3000,'Corning Gorilla Glass 4','HSPA 42.2/5.76 Mbps, LTE Cat4 150/50 Mbps or LTE Cat6 300/50 Mbps'),(12,12,4,'2016-10-21 05:34:26','2016-10-21 05:34:26','5.5 inches','1080 x 1920 pixels (~401 ppi pixel density)','Super AMOLED capacitive touchscreen, 16M colors',1,'3 GB RAM',NULL,'Non-removable Li-Ion',NULL,'GSM / HSPA / LTE','GSM 850 / 900 / 1800 / 1900 - SIM 1 & SIM 2 (dual-SIM model only)','HSDPA 850 / 900 / 1900 / 2100 ','LTE band 1(2100), 3(1800), 5(850), 7(2600), 8(900), 20(800)','Yes','Yes','Not announced yet','Rumored','-','-','Single SIM (Nano-SIM) or Dual SIM (Nano-SIM, dual stand-by)','Android OS, v6.0.1 (Marshmallow)','1.8','Octa-core',NULL,'microSD, up to 256 GB','32 GB',NULL,NULL,'1080p@30fps','16 MP, f/1.8, 1080p','Vibration; MP3, WAV ringtones',1,NULL,'Wi-Fi 802.11 a/b/g/n, dual-band, WiFi Direct, hotspot','v4.1, A2DP, EDR, LE','Yes, with A-GPS, GLONASS/ BDS (market dependant)',NULL,'Fingerprint, accelerometer, proximity, compass','SMS(threaded view), MMS, Email, Push Mail, IM','HTML5',0,'Black, White, Gold, Pink',20000,3000,'Corning Gorilla Glass 4','HSPA 42.2/5.76 Mbps, LTE Cat6 300/50 Mbps'),(13,13,9,'2016-10-21 05:34:26','2016-10-21 05:34:26','1.65 inches (~55.4% screen-to-body ratio)','390 x 312 pixels (~303 ppi pixel density)','AMOLED capacitive touchscreen, 16M colors',1,'512 MB RAM','Apple S1P','Non-removable Li-Ion','250 mAh','No cellular connectivity',' N/A',NULL,NULL,'No','No','2016, September','Coming soon','42.5 x 36.4 x 10.5 mm (1.67 x 1.43 x 0.41 in)','30 g body (1.06 oz)','No','watchOS 3.0',NULL,'Dual-core',NULL,'No','8 GB',NULL,NULL,NULL,NULL,'Vibration; Ringtones',1,NULL,'Wi-Fi 802.11 b/g/n','v4.0, LE','No',NULL,'Accelerometer, gyro, heart rate','SMS(threaded view), Email, Push Mail, IM','No',0,'Case colors: silver, gold, rose gold, gray\r\n Band colors: brown, white, black, blue\r\n Band types: sport',20000,3000,'Ion-X strengthened glass',NULL),(14,14,9,'2016-10-21 05:34:26','2016-10-21 05:34:26','1.5 inches (~55.1% screen-to-body ratio)','340 x 272 pixels (~290 ppi pixel density)','AMOLED capacitive touchscreen, 16M colors',1,'512 MB RAM','Apple S1P','Non-removable Li-Ion','205 mAh','No cellular connectivity',' N/A',NULL,NULL,'No','No','2016, September','Coming soon','38.6 x 33.3 x 10.5 mm (1.52 x 1.31 x 0.41 in)','25 g body (0.88 oz)','No','watchOS 3.0',NULL,'Dual-core',NULL,'No','8 GB',NULL,NULL,NULL,NULL,'Vibration; Ringtones',1,NULL,'Wi-Fi 802.11 b/g/n','v4.0, LE','No',NULL,'Accelerometer, gyro, heart rate','SMS(threaded view), Email, Push Mail, IM','No',0,'Case colors: silver, gold, rose gold, gray\r\n Band colors: gray, white, black, pink\r\n Band types: sport',20000,3000,'Ion-X strengthened glass',NULL),(15,15,9,'2016-10-21 05:34:26','2016-10-21 05:34:26','1.5 inches (~53.1% screen-to-body ratio)','340 x 272 pixels (~290 ppi pixel density)','AMOLED capacitive touchscreen, 16M colors',1,NULL,'Apple S2','Non-removable Li-Ion','273 mAh','No cellular connectivity',' N/A',NULL,NULL,'No','No','2016, September','Coming soon','39.2 x 34 x 11.8 mm (1.54 x 1.34 x 0.46 in)','39.6 g body (1.41 oz)','No','watchOS 3.0',NULL,'Dual-core',NULL,'No',NULL,NULL,NULL,NULL,NULL,'Vibration; Ringtones',1,NULL,'Wi-Fi 802.11 b/g/n','v4.0, LE','Yes',NULL,'Accelerometer, gyro, heart rate','SMS(threaded view), Email, Push Mail, IM','No',0,'Sport Band/White',20000,3000,'Sapphire crystal glass',NULL),(16,16,9,'2016-10-21 05:34:26','2016-10-21 05:34:26','1.65 inches (~55.1% screen-to-body ratio)','390 x 312 pixels (~303 ppi pixel density)','AMOLED capacitive touchscreen, 16M colors',1,NULL,'Apple S2','Non-removable Li-Ion',NULL,'No cellular connectivity',' N/A',NULL,NULL,'No','No','2016, September','Coming soon','42.6 x 36.5 x 11.4 mm (1.68 x 1.44 x 0.45 in)','45.6 g body (1.62 oz)','No','watchOS 3.0',NULL,'Dual-core',NULL,'No',NULL,NULL,NULL,NULL,NULL,'Vibration; Ringtones',1,NULL,'Wi-Fi 802.11 b/g/n','v4.0, LE','Yes',NULL,'Accelerometer, gyro, heart rate','SMS(threaded view), Email, Push Mail, IM','No',0,'Sport Band/White',20000,3000,'Sapphire crystal glass',NULL),(17,17,9,'2016-10-21 05:34:26','2016-10-21 05:34:26','1.5 inches (~55.1% screen-to-body ratio)','340 x 272 pixels (~290 ppi pixel density)','AMOLED capacitive touchscreen, 16M colors',1,NULL,'Apple S2','Non-removable Li-Ion','273 mAh','No cellular connectivity',' N/A',NULL,NULL,'No','No','2016, September','Coming soon','38.6 x 33.3 x 11.4 mm (1.52 x 1.31 x 0.45 in)','41.9 g body (1.48 oz)','No','watchOS 3.0',NULL,'Dual-core',NULL,'No',NULL,NULL,NULL,NULL,NULL,'Vibration; Ringtones',1,NULL,'Wi-Fi 802.11 b/g/n','v4.0, A2DP','Yes',NULL,'Accelerometer, gyro, heart rate','SMS(threaded view), Email, Push Mail, IM','No',0,'Sport band: silver case/white, black case/black\r\nLeather band: silver case/blue, brown, gray, red\r\n Stainless Steel band: silver case/silver, black case/black',20000,3000,'Sapphire crystal glass',NULL),(18,18,9,'2016-10-21 05:34:26','2016-10-21 05:34:26','1.65 inches (~55.4% screen-to-body ratio)','390 x 312 pixels (~303 ppi pixel density)','AMOLED capacitive touchscreen, 16M colors',1,NULL,'Apple S2','Non-removable Li-Ion',NULL,'No cellular connectivity',' N/A',NULL,NULL,'No','No','2016, September','Coming soon','42.5 x 36.4 x 11.4 mm (1.67 x 1.43 x 0.45 in)','52.4 g body (1.83 oz)','No','watchOS 3.0',NULL,'Dual-core',NULL,'No',NULL,NULL,NULL,NULL,NULL,'Vibration; Ringtones',1,NULL,'Wi-Fi 802.11 b/g/n','v4.0, A2DP','Yes',NULL,'Accelerometer, gyro, heart rate','SMS(threaded view), Email, Push Mail, IM','No',0,'Sport band: silver case/white, black case/black\r\n Leather band: silver case/blue, brown, orange\r\n Stainless Steel band: silver case/silver, black case/black',20000,3000,'Sapphire crystal glass',NULL),(19,19,9,'2016-10-21 05:34:26','2016-10-21 05:34:26','1.65 inches (~55.4% screen-to-body ratio)','390 x 312 pixels (~303 ppi pixel density)','AMOLED capacitive touchscreen, 16M colors',1,NULL,'Apple S2','Non-removable Li-Ion',NULL,'No cellular connectivity',' N/A',NULL,NULL,'No','No','2016, September','Coming soon','42.5 x 36.4 x 11.4 mm (1.67 x 1.43 x 0.45 in)','34.2 g body (1.20 oz)','No','watchOS 3.0',NULL,'Dual-core',NULL,'No',NULL,NULL,NULL,NULL,NULL,'Vibration; Ringtones',1,NULL,'Wi-Fi 802.11 b/g/n','v4.0, A2DP','Yes',NULL,'Accelerometer, gyro, heart rate','SMS(threaded view), Email, Push Mail, IM','No',0,'Case colors: silver, gold, rose gold, gray\r\n Band colors: gray, white, blue, brown, orange, black\r\n Band types: sport, woven nylon',20000,3000,'Ion-X strengthened glass',NULL),(20,20,9,'2016-10-21 05:34:26','2016-10-21 05:34:26','1.5 inches (~55.1% screen-to-body ratio)','340 x 272 pixels (~290 ppi pixel density)','AMOLED capacitive touchscreen, 16M colors',1,NULL,'Apple S2','Non-removable Li-Ion','273 mAh','No cellular connectivity',' N/A',NULL,NULL,'No','No','2016, September','Coming soon','38.6 x 33.3 x 11.4 mm (1.52 x 1.31 x 0.45 in)','28.2 g body (0.99 oz)','No','watchOS 3.0',NULL,'Dual-core',NULL,'No',NULL,NULL,NULL,NULL,NULL,'Vibration; Ringtones',1,NULL,'Wi-Fi 802.11 b/g/n','v4.0, A2DP','Yes',NULL,'Accelerometer, gyro, heart rate','SMS(threaded view), Email, Push Mail, IM','No',0,'Case colors: silver, gold, rose gold, gray\r\n Band colors: gray, white, blue, yellow, pink, black\r\n Band types: sport, woven nylon',20000,3000,'Ion-X strengthened glass',NULL),(21,21,10,'2016-10-21 05:34:26','2016-10-21 05:34:26','5.5 inches (~70.6% screen-to-body ratio)','720 x 1280 pixels (~267 ppi pixel density)','IPS LCD capacitive touchscreen, 16M colors',1,'2 GB RAM','Mediatek MT6735P','Non-removable Li-Ion','2500 mAh','GSM / HSPA / LTE','GSM 900 / 1800 / 1900 - SIM 1 & SIM 2','HSDPA 900 / 2100 ','LTE band 1(2100), 3(1800), 7(2600), 8(900), 20(800)','Yes','Yes','2016, September','Available. Released 2016, September','154.5 x 76.5 x 7.9 mm (6.08 x 3.01 x 0.31 in)','143 g (5.04 oz)','Dual SIM (Nano-SIM, dual stand-by)','Android OS, v6.0 (Marshmallow)','1.0','Quad-core','Mali-T720MP2','microSD, up to 32 GB (uses SIM 2 slot)','16 GB',NULL,NULL,'Yes','8 MP, f/2.2','Vibration; MP3, WAV ringtones',1,NULL,'Wi-Fi 802.11 b/g/n, hotspot','v4.1, A2DP, LE','Yes, with A-GPS',NULL,'Accelerometer, proximity, compass','SMS(threaded view), MMS, Email, Push Mail, IM','HTML5',0,'Gold, Black',20000,3000,NULL,'HSPA 42.2/11.5 Mbps, LTE Cat4 150/50 Mbps'),(22,22,11,'2016-10-21 05:34:27','2016-10-21 05:34:27','5.0 inches (~63.3% screen-to-body ratio)','480 x 854 pixels (~196 ppi pixel density)','TFT capacitive touchscreen, 16M colors',1,'512 MB RAM','Mediatek MT6580M','Li-Ion 2000','mAh battery','GSM / HSPA','GSM 850 / 900 / 1800 / 1900 - SIM 1 & SIM 2','HSDPA 900 / 2100 - AM5E047',NULL,'Class 12','Class 12','2016, June','Available. Released 2016, August','145.5 x 74.8 x 8.9 mm (5.73 x 2.94 x 0.35 in)','153 g (5.40 oz)','Dual SIM (Mini-SIM/ Micro-SIM)','Android OS, v6.0 (Marshmallow)','1.3','Quad-core','Mali-400MP2','microSD, up to 64 GB (dedicated slot)','8 GB',NULL,NULL,'720p@30fps','2 MP','Vibration; MP3, WAV ringtones',1,NULL,'Wi-Fi 802.11 a/b/g/n, Wi-Fi Direct, hotspot','v4.0, LE','Yes, with A-GPS',NULL,'Accelerometer','SMS(threaded view), MMS, Email, Push Email, IM','HTML5',0,'Black, Blue, Red, Gun Metal, White, Silver, Pink',20000,3000,NULL,'HSPA 21.1/5.76 Mbps'),(23,23,7,'2016-10-21 05:34:27','2016-10-21 05:34:27','5.0 inches (~65.5% screen-to-body ratio)','480 x 854 pixels (~196 ppi pixel density)','IPS LCD capacitive touchscreen, 16M colors',1,'1 GB RAM','Mediatek MT6735','Li-Po 2300','mAh battery','GSM / HSPA / LTE','GSM 850 / 900 / 1800 / 1900 - SIM 1 & SIM 2','HSDPA 850 / 1700(AWS) / 1900 / 2100 ','LTE band 2(1900), 4(1700/2100), 7(2600), 12(700), 17(700)','Class 12','Class 12','2016, August','Available. Released 2016, August','145 x 72.5 x 8.5 mm (5.71 x 2.85 x 0.33 in)','155 g (5.47 oz)','Dual SIM (Micro-SIM)','Android OS, v6.0 (Marshmallow)','1.0','Quad-core','Mali-T720','microSD, up to 64 GB','8 GB',NULL,NULL,'1080p@30fps','2 MP','Vibration; MP3, WAV ringtones',1,NULL,'Wi-Fi 802.11 b/g/n, Wi-Fi Direct, hotspot','v4.0, A2DP','Yes, with A-GPS',NULL,'Accelerometer, proximity','SMS(threaded view), MMS, Email, Push Email, IM','HTML5',0,'Black, Blue, White',20000,3000,NULL,'HSPA 42.2/5.76 Mbps, LTE Cat4 150/50 Mbps'),(24,24,7,'2016-10-21 05:34:27','2016-10-21 05:34:27','5.0 inches (~66.0% screen-to-body ratio)','480 x 854 pixels (~196 ppi pixel density)','IPS LCD capacitive touchscreen, 16M colors',1,'512 MB RAM','Mediatek MT6580','Li-Po 2200','mAh battery','GSM / HSPA','GSM 850 / 900 / 1800 / 1900 - SIM 1 & SIM 2','HSDPA 850 / 1700(AWS) / 1900 / 2100 ',NULL,'Yes','Yes','2016, August','Available. Released 2016, August','145 x 72 x 9.4 mm (5.71 x 2.83 x 0.37 in)','145 g (5.11 oz)','Dual SIM (Micro-SIM, dual stand-by)','Android OS, v6.0 (Marshmallow)','1.3','Quad-core','Mali-400','microSD, up to 64 GB','8 GB',NULL,NULL,'720p@30fps','5 MP','Vibration; MP3, WAV ringtones',1,NULL,'Wi-Fi 802.11 b/g/n, Wi-Fi Direct, hotspot','v4.0, A2DP','Yes, with A-GPS',NULL,'Accelerometer, proximity','SMS(threaded view), MMS, Email, Push Email, IM','HTML5',0,'Black, Blue, Gold, White',20000,3000,NULL,'HSPA 21.1/5.76 Mbps'),(25,25,7,'2016-10-21 05:34:27','2016-10-21 05:34:27','5.0 inches (~66.0% screen-to-body ratio)','720 x 1280 pixels (~294 ppi pixel density)','IPS LCD capacitive touchscreen, 16M colors',1,'1 GB RAM','Mediatek MT6737','Li-Po 2200','mAh battery','GSM / HSPA / LTE','GSM 850 / 900 / 1800 / 1900 - SIM 1 & SIM 2','HSDPA 850 / 1700(AWS) / 1900 / 2100 ','LTE band 2(1900), 4(1700/2100), 7(2600), 12(700), 17(700)','Yes','Yes','2016, August','Available. Released 2016, August','145 x 72 x 9.4 mm (5.71 x 2.83 x 0.37 in)','145 g (5.11 oz)','Dual SIM (Micro-SIM, dual stand-by)','Android OS, v6.0 (Marshmallow)','1.1','Quad-core','Mali-T720','microSD, up to 64 GB','8 GB',NULL,NULL,'720p@30fps','2 MP','Vibration; MP3, WAV ringtones',1,NULL,'Wi-Fi 802.11 b/g/n, Wi-Fi Direct, hotspot','v4.0, A2DP','Yes, with A-GPS',NULL,'Accelerometer, proximity','SMS(threaded view), MMS, Email, Push Email, IM','HTML5',0,'Black, Gold',20000,3000,NULL,'HSPA 42.2/5.76 Mbps, LTE Cat4 150/50 Mbps'),(26,26,12,'2016-10-21 05:34:27','2016-10-21 05:34:27','6.0 inches (~74.4% screen-to-body ratio)','1080 x 1920 pixels (~367 ppi pixel density)','IPS LCD capacitive touchscreen, 16M colors',1,'3 GB RAM','Mediatek MT6755 Helio P10','Non-removable 4100','mAh battery','GSM / HSPA / LTE','GSM 850 / 900 / 1800 / 1900 - SIM 1 & SIM 2',' HSDPA',' LTE','Yes','Yes','2016, September','Available. Released 2016, September','163.4 x 81.6 x 7.9 mm (6.43 x 3.21 x 0.31 in)','189 g (6.67 oz)','Dual SIM (Nano-SIM, dual stand-by)','Android OS, v5.1 (Lollipop)','(4x1.8','Octa-core','Mali-T860MP2','microSD, up to 256 GB (uses SIM 2 slot)','64 GB',NULL,NULL,'1080p@30fps','5 MP, f/2.0','Vibration; MP3, WAV ringtones',1,NULL,'Wi-Fi 802.11 a/b/g/n, dual-band, hotspot','v4.1, A2DP, LE','Yes, with A-GPS, GLONASS',NULL,'Fingerprint, accelerometer, gyro, proximity, compass','SMS(threaded view), MMS, Email, Push Mail, IM','HTML5',0,'Champagne Gold, Silver, Gray, Rose Gold',20000,3000,NULL,'HSPA, LTE'),(27,27,13,'2016-10-21 05:34:27','2016-10-21 05:34:27','4.5 inches (~63.6% screen-to-body ratio)','480 x 854 pixels (~218 ppi pixel density)','Capacitive touchscreen',1,'1 GB RAM','Mediatek MT6580','Removable Li-Po','2000 mAh','GSM / HSPA','GSM 850 / 900 / 1800 / 1900 - SIM 1 & SIM 2','HSDPA 900 / 1900 / 2100 ',NULL,'Yes','Yes','2016, September','Available. Released 2016, September','133 x 66 x 9.9 mm (5.24 x 2.60 x 0.39 in)','146 g (5.15 oz)','Dual SIM (Micro-SIM, dual stand-by)','Android OS, v5.1 (Lollipop)','1.3','Quad-core','Mali-400MP2','microSD, up to 32 GB (dedicated slot)','8 GB',NULL,NULL,'Yes','2 MP','Vibration; MP3, WAV ringtones',1,NULL,'Wi-Fi 802.11 b/g/n, hotspot','v2.1, A2DP','Yes, with A-GPS',NULL,'Accelerometer','SMS(threaded view), MMS, Email, Push Mail, IM','HTML',0,'Onyx Black, Pearl White',20000,3000,NULL,'HSPA 21.1/5.76 Mbps'),(28,28,13,'2016-10-21 05:34:27','2016-10-21 05:34:27','5.5 inches (~71.7% screen-to-body ratio)','1080 x 1920 pixels (~401 ppi pixel density)','Super AMOLED capacitive touchscreen, 16M colors',1,'3/4 GB RAM or 64 GB','Qualcomm MSM8953 Snapdragon 625','Non-removable Li-Ion','5100 mAh','GSM / HSPA / LTE','GSM 850 / 900 / 1800 / 1900 - SIM 1 & SIM 2 (dual-SIM model only)','HSDPA 850 / 900 / 1900 / 2100 ',' LTE','Yes','Yes','2016, September','Coming soon. Exp. release 2016, September','153 x 76 x 8.5 mm (6.02 x 2.99 x 0.33 in)','177 g (6.24 oz)','Single SIM (Nano-SIM) or Dual SIM (Nano-SIM, dual stand-by)','Android OS, v6.0 (Marshmallow)','2.0','Octa-core','Adreno 506','microSD, up to 256 GB','32 GB',NULL,NULL,'1080p@30fps','5 MP','Vibration; MP3, WAV ringtones',1,NULL,'Wi-Fi 802.11 a/b/g/n/ac, dual-band, WiFi Direct, hotspot','v4.1, A2DP, LE','Yes, with A-GPS, GLONASS',NULL,'Fingerprint, accelerometer, proximity, compass','SMS(threaded view), MMS, Email, Push Mail, IM','HTML5',0,'Gold',20000,3000,NULL,'HSPA, LTE'),(29,29,13,'2016-10-21 05:34:27','2016-10-21 05:34:27','5.5 inches','1080 x 1920 pixels (~401 ppi pixel density)','IPS capacitive touchscreen, 16M colors',1,'3/4 GB RAM','Qualcomm MSM8937 Snapdragon 430','Non-removable Li-Ion','4000 mAh','GSM / HSPA / LTE','GSM 850 / 900 / 1800 / 1900 - SIM 1 & SIM 2 (dual-SIM model only)','HSDPA 850 / 900 / 1900 / 2100 ',' LTE','Yes','Yes','2016, September','Coming soon. Exp. release 2016, September','-','-','Single SIM (Micro-SIM) or Dual SIM (Micro-SIM, dual stand-by)','Android OS, v6.0 (Marshmallow)','1.5','Octa-core','Adreno 505','microSD, up to 256 GB','32 GB',NULL,NULL,'1080p@30fps','8 MP','Vibration; MP3, WAV ringtones',1,NULL,'Wi-Fi 802.11 b/g/n, hotspot','v4.1, A2DP, LE','Yes, with A-GPS',NULL,'Fingerprint, accelerometer, proximity, compass','SMS(threaded view), MMS, Email, Push Mail, IM','HTML5',0,'Silver, Gold, Dark Grey',20000,3000,NULL,'HSPA, LTE Cat4 150/50 Mbps'),(30,30,13,'2016-10-21 05:34:27','2016-10-21 05:34:27','5.0 inches','1080 x 1920 pixels (~441 ppi pixel density)','IPS capacitive touchscreen, 16M colors',1,'2 GB RAM or 32 GB','Qualcomm MSM8937 Snapdragon 430','Non-removable Li-Ion','4000 mAh','GSM / HSPA / LTE','GSM 850 / 900 / 1800 / 1900 - SIM 1 & SIM 2 (dual-SIM model only)','HSDPA 850 / 900 / 1900 / 2100 ',' LTE','Yes','Yes','2016, September','Coming soon. Exp. release 2016, September','-','-','Single SIM (Micro-SIM) or Dual SIM (Micro-SIM, dual stand-by)','Android OS, v6.0 (Marshmallow)','1.5','Octa-core','Adreno 505','microSD, up to 256 GB','16 GB',NULL,NULL,'1080p@30fps','8 MP','Vibration; MP3, WAV ringtones',1,NULL,'Wi-Fi 802.11 b/g/n, hotspot','v4.1, A2DP, LE','Yes, with A-GPS',NULL,'Fingerprint, accelerometer, proximity, compass','SMS(threaded view), MMS, Email, Push Mail, IM','HTML5',0,'Silver, Gold, Dark Grey',20000,3000,NULL,'HSPA, LTE Cat4 150/50 Mbps'),(31,31,13,'2016-10-21 05:34:27','2016-10-21 05:34:27','5.0 inches','1080 x 1920 pixels (~441 ppi pixel density)','IPS capacitive touchscreen, 16M colors',1,'2 GB RAM','Qualcomm MSM8937 Snapdragon 430','Non-removable Li-Ion','3000 mAh','GSM / HSPA / LTE','GSM 850 / 900 / 1800 / 1900 - SIM 1 & SIM 2 (dual-SIM model only)','HSDPA 850 / 900 / 1900 / 2100 ',' LTE','Yes','Yes','2016, September','Coming soon. Exp. release 2016, September','-','-','Single SIM (Micro-SIM) or Dual SIM (Micro-SIM, dual stand-by)','Android OS, v6.0 (Marshmallow)','1.5','Octa-core','Adreno 505','microSD, up to 256 GB','16/32 GB',NULL,NULL,'1080p@30fps','8 MP','Vibration; MP3, WAV ringtones',1,NULL,'Wi-Fi 802.11 b/g/n, hotspot','v4.1, A2DP, LE','Yes, with A-GPS',NULL,'Fingerprint, accelerometer, proximity, compass','SMS(threaded view), MMS, Email, Push Mail, IM','HTML5',0,'Silver, Gold, Dark Grey',20000,3000,NULL,'HSPA, LTE Cat4 150/50 Mbps'),(32,32,14,'2016-10-21 05:34:27','2016-10-21 05:34:27','8.4 inches (~76.4% screen-to-body ratio)','1600 x 2560 pixels (~359 ppi pixel density)','IPS LCD capacitive touchscreen, 16M colors',1,'4 GB RAM','Hisilicon Kirin 950','Non-removable Li-Po','5100 mAh','GSM / HSPA / LTE','GSM 850 / 900 / 1800 / 1900 ','HSDPA 850 / 900 / 1900 / 2100 ','LTE band 1(2100), 3(1800), 5(850), 7(2600), 8(900), 19(800), 20(800), 28(700), 38(2600), 39(1900), 40(2300), 41(2500)','Yes','Yes','2016, September','Coming soon. Exp. release 2016, September','215.5 x 124.2 x 7.3 mm (8.48 x 4.89 x 0.29 in)','-','Nano-SIM','Android OS, v6.0 (Marshmallow)','(4x2.3','Octa-core','Mali-T880 MP4','microSD, up to 256 GB (dedicated slot)','32/64 GB',NULL,NULL,'1080p@30fps','8 MP','Vibration; MP3, WAV ringtones',1,NULL,'Wi-Fi 802.11 a/b/g/n/ac, hotspot','v4.1, A2DP, EDR, LE','Yes, with A-GPS, GLONASS/ BDS (market dependant)',NULL,'Fingerprint, accelerometer, gyro, proximity, compass','SMS(threaded view), MMS, Email, Push Mail, IM','HTML5',0,'Silver, Gold',20000,3000,NULL,'HSPA, LTE Cat4 150/50 Mbps'),(33,33,4,'2016-10-21 05:34:27','2016-10-21 05:34:27','5.5 inches (~73.3% screen-to-body ratio)','1080 x 1920 pixels (~401 ppi pixel density)','IPS LCD capacitive touchscreen, 16M colors',1,'3 GB RAM','Exynos 7870 Octa','Non-removable Li-Ion','3300 mAh','GSM / HSPA / LTE','GSM 850 / 900 / 1800 / 1900 - SIM 1 & SIM 2','HSDPA 850 / 900 / 1900 / 2100 ','LTE band 1(2100), 3(1800), 5(850), 7(2600), 8(900), 20(800), 38(2600), 40(2300)','Yes','Yes','2016, August','Available. Released 2016, September','151.7 x 75 x 8 mm (5.97 x 2.95 x 0.31 in)','167 g (5.89 oz)','Dual SIM (Nano-SIM, dual stand-by)','Android OS, v6.0.1 (Marshmallow)','1.6','Octa-core','Mali-T830MP2','microSD, up to 256 GB (dedicated slot)','32 GB',NULL,NULL,'1080p@30fps','8 MP, f/1.9, LED flash','Vibration; MP3, WAV ringtones',1,NULL,'Wi-Fi 802.11 b/g/n, Wi-Fi Direct, hotspot','v4.1, A2DP','Yes, with A-GPS, GLONASS/ BDS (region dependent)',NULL,'Fingerprint, accelerometer, proximity','SMS(threaded view), MMS, Email, Push Mail, IM','HTML5',0,'Black, Gold',20000,3000,'Corning Gorilla Glass 4','HSPA, LTE Cat4 150/50 Mbps'),(34,34,15,'2016-10-21 05:34:27','2016-10-21 05:34:27','5.2 inches (~70.9% screen-to-body ratio)','1080 x 1920 pixels (~424 ppi pixel density)','IPS LCD capacitive touchscreen, 16M colors',0,'3 GB RAM','Qualcomm MSM8996 Snapdragon 820','Non-removable Li-Ion','2900 mAh','GSM / HSPA / LTE','GSM 850 / 900 / 1800 / 1900 - SIM 1 & SIM 2 (dual-SIM model only)','HSDPA 800 / 850 / 900 / 1700(AWS) / 1900 / 2100 - F8331, F8332','LTE band 1(2100), 2(1900), 3(1800), 4(1700/2100), 5(850), 7(2600), 8(900), 12(700), 13(700), 17(700), 19(800), 20(800), 26(850), 28(700), 29(700), 32(1500), 38(2600), 39(1900), 40(2300), 41(2500) - F8331, F8332','Yes','Yes','2016, September','Coming soon. Exp. release 2016, October 17','146 x 72 x 8.1 mm (5.75 x 2.83 x 0.32 in)','161 g (5.68 oz)','Single SIM (Nano-SIM) or Dual SIM (Nano-SIM, dual stand-by)','Android OS, v6.0.1 (Marshmallow), planned upgrade to v7.0 (Nougat)','(2x2.15','Quad-core','Adreno 530','microSD, up to 256 GB (dedicated slot) - single SIM\r\nmicroSD, up to 256 GB (uses SIM 2 slot) - dual SIM','32/64 GB',NULL,NULL,'2160p@30fps, 1080p@30fps, 1080p@60fps','13 MP, f/2.0, 22mm, 1/3\" sensor size, 1080p, HDR','Vibration; MP3, WAV ringtones',1,NULL,'Wi-Fi 802.11 a/b/g/n/ac, dual-band, Wi-Fi Direct, DLNA, hotspot','v4.2, A2DP, aptX, LE','Yes, with A-GPS, GLONASS/ BDS (region dependent)',NULL,'Fingerprint, accelerometer, gyro, proximity, barometer, compass, color spectrum','SMS (threaded view), MMS, Email, IM, Push Email','HTML5',0,'Mineral black, Platinum, Forest blue, Deep pink',20000,3000,'Corning Gorilla Glass (unspecified version)','HSPA 42.2/5.76 Mbps, LTE Cat9 450/50 Mbps'),(35,35,14,'2016-10-21 05:34:27','2016-10-21 05:34:27','5.5 inches (~72.6% screen-to-body ratio)','1080 x 1920 pixels (~401 ppi pixel density)','IPS LCD capacitive touchscreen, 16M colors',1,'3 GB RAM','Qualcomm MSM8953 Snapdragon 625','Non-removable Li-Po','3340 mAh','GSM / HSPA / LTE','GSM 850 / 900 / 1800 / 1900 - SIM 1 & SIM 2 (dual-SIM model only)','HSDPA 900 / 2100 - MLA-L01/L11','LTE band 1(2100), 3(1800), 7(2600), 8(900), 20(800), 38(2600) - MLA-L01/L11','Yes','Yes','2016, September','Coming soon. Exp. release 2016, October','151.8 x 75.7 x 7.3 mm (5.98 x 2.98 x 0.29 in)','160 g (5.64 oz)','Single SIM (Nano-SIM) or Dual SIM (Nano-SIM, dual stand-by)','Android OS, v6.0.1 (Marshmallow)','2.0','Octa-core','Adreno 506','microSD, up to 256 GB (uses SIM 2 slot)','32 GB',NULL,NULL,'2160p@30fps, check quality','8 MP, f/2.0','Vibration; MP3, WAV ringtones',1,NULL,'Wi-Fi 802.11 b/g/n, Wi-Fi Direct, hotspot','v4.1, A2DP, LE','Yes, with A-GPS, GLONASS',NULL,'Fingerprint, accelerometer, proximity, compass','SMS (threaded view), MMS, Email, Push Email','HTML5',0,'Prestige Gold, Mystic Silver, Titanium Grey',20000,3000,NULL,'HSPA 42.2/5.76 Mbps, LTE Cat7 300/150 Mbps'),(36,36,13,'2016-10-21 05:34:27','2016-10-21 05:34:27','10.1 inches (~66.9% screen-to-body ratio)','1600 x 2560 pixels (~299 ppi pixel density)','IPS LCD capacitive touchscreen, 16M colors',0,'3 GB RAM','Qualcomm MSM8976 Snapdragon 652','Non-removable Li-Ion','9300 mAh','GSM / HSPA / LTE','GSM 850 / 900 / 1800 / 1900 ','HSDPA 850 / 900 / 1900 / 2100 - EMEA','LTE band 1(2100), 2(1900), 3(1800), 5(850), 7(2600), 8(900), 20(800), 38(2600), 39(1900), 40(2300), 41(2500) - EMEA','Yes','Yes','2016, September','Coming soon. Exp. release 2016, October','247 x 179 mm','644 g (1.42 lb)','Micro-SIM','Android OS, v6.0.1 (Marshmallow)','(4x1.8','Octa-core','Adreno 510','microSD, up to 256 GB','32 GB',NULL,NULL,'1080p@30fps','5 MP','Yes',1,NULL,'Wi-Fi 802.11 a/b/g/n/ac, dual-band, WiFi Direct, hotspot','v4.0','Yes, with A-GPS, GLONASS',NULL,'Accelerometer, compass','Email, Push Email, IM','HTML5',0,'Black',20000,3000,NULL,'HSPA, LTE'),(37,37,8,'2016-10-21 05:34:27','2016-10-21 05:34:27','5.5 inches (~69.1% screen-to-body ratio)','1080 x 1920 pixels (~403 ppi pixel density)','Super AMOLED capacitive touchscreen, 16M colors',1,'3 GB RAM','Qualcomm MSM8953 Snapdragon 625','Non-removable Li-Ion','3510 mAh','GSM / CDMA / HSPA / LTE','GSM 850 / 900 / 1800 / 1900 - SIM 1 & SIM 2 (dual-SIM model only)','HSDPA 850 / 900 / 1900 / 2100 ','LTE band 2(1900), 3(1800), 4(1700/2100), 5(850), 7(2600), 13(700) - USA','Yes','Yes','2016, August','Available. Released 2016, September','156.4 x 76.4 x 7 mm (6.16 x 3.01 x 0.28 in)','165 g (5.82 oz)','Single SIM (Nano-SIM) or Dual SIM (Nano-SIM, dual stand-by)','Android OS, v6.0.1 (Marshmallow)','2.0','Octa-core','Adreno 506','microSD, up to 256 GB','32 GB',NULL,NULL,'2160p@30fps, 1080p@30fps, 720p@120fps','5 MP, f/2.2, 1.4 Âµm pixel size, LED flash, 1080p','Vibration; MP3, WAV ringtones',1,NULL,'Wi-Fi 802.11 a/b/g/n, Wi-Fi Direct, hotspot','v4.0, A2DP, LE','Yes, with A-GPS',NULL,'Fingerprint, accelerometer, gyro, proximity, compass','SMS(threaded view), MMS, Email, Push Email, IM','HTML5',0,'Black, White',20000,3000,NULL,'HSPA, LTE'),(38,38,4,'2016-10-21 05:34:27','2016-10-21 05:34:27','1.3 inches (~48.1% screen-to-body ratio)','360 x 360 pixels (~278 ppi pixel density)','Super AMOLED capacitive touchscreen, 16M colors',1,'768 MB RAM',NULL,'Non-removable Li-Ion','380 mAh','No cellular connectivity',' N/A',NULL,NULL,'No','No','2016, August','Coming soon. Exp. release 2016, October','49 x 46 x 12.9 mm (1.93 x 1.81 x 0.51 in)','57 g (2.01 oz)','No','Tizen-based wearable platform 2.3.2','1.0','Dual-core',NULL,'No','4 GB',NULL,NULL,NULL,NULL,'Vibration; MP3, WAV ringtones',1,NULL,'Wi-Fi 802.11 b/g/n','v4.2','Yes, GLONASS',NULL,'Accelerometer, gyro, heart rate, barometer','SMS(threaded view), Email, IM','No',0,'Silver',20000,3000,'Corning Gorilla Glass SR+',NULL),(39,39,4,'2016-10-21 05:34:28','2016-10-21 05:34:28','1.3 inches (~48.1% screen-to-body ratio)','360 x 360 pixels (~278 ppi pixel density)','Super AMOLED capacitive touchscreen, 16M colors',1,'768 MB RAM',NULL,'Non-removable Li-Ion','380 mAh','No cellular connectivity',' N/A',NULL,NULL,'No','No','2016, August','Coming soon. Exp. release 2016, October','49 x 46 x 12.9 mm (1.93 x 1.81 x 0.51 in)','62 g (2.19 oz)','No','Tizen-based wearable platform 2.3.2','1.0','Dual-core',NULL,'No','4 GB',NULL,NULL,NULL,NULL,'Vibration; MP3, WAV ringtones',1,NULL,'Wi-Fi 802.11 b/g/n','v4.2','Yes, GLONASS',NULL,'Accelerometer, gyro, heart rate, barometer','SMS(threaded view), Email, IM','No',0,'Silver',20000,3000,'Corning Gorilla Glass SR+',NULL),(40,40,4,'2016-10-21 05:34:28','2016-10-21 05:34:28','1.3 inches (~48.1% screen-to-body ratio)','360 x 360 pixels (~278 ppi pixel density)','Super AMOLED capacitive touchscreen, 16M colors',1,'768 MB RAM',NULL,'Non-removable Li-Ion','380 mAh','GSM / HSPA / LTE','GSM 900 / 1800 ','HSDPA 900 / 2100 ',' LTE','Yes','Yes','2016, August','Coming soon. Exp. release 2016, October','49 x 46 x 12.9 mm (1.93 x 1.81 x 0.51 in)','62 g (2.19 oz)','Electronic SIM card (e-SIM)','Tizen-based wearable platform 2.3.2','1.0','Dual-core',NULL,'No','4 GB',NULL,NULL,NULL,NULL,'Vibration; MP3, WAV ringtones',1,NULL,'Wi-Fi 802.11 b/g/n','v4.2','Yes, with A-GPS, GLONASS',NULL,'Accelerometer, gyro, heart rate, barometer','SMS(threaded view), MMS, Email, IM','No',0,'Black',20000,3000,'Corning Gorilla Glass SR+','HSPA, LTE'),(41,41,16,'2016-10-21 05:34:28','2016-10-21 05:34:28','7.0 inches (~73.4% screen-to-body ratio)','800 x 1280 pixels (~216 ppi pixel density)','IPS LCD capacitive touchscreen, 16M colors',1,'2 GB RAM','Mediatek MT8735','Non-removable Li-Po','3400 mAh','GSM / HSPA / LTE','GSM 850 / 900 / 1800 / 1900 - SIM 1 & SIM 2',' HSDPA',' LTE','Yes','Yes','2016, August','Coming soon. Exp. release 2016, September','191.7 x 101 x 9.4 mm (7.55 x 3.98 x 0.37 in)','260 g (9.17 oz)','Dual SIM','Android OS, v6.0 (Marshmallow)','1.3','Quad-core','Mali-T720MP2','microSD, up to 32 GB (dedicated slot)','32 GB',NULL,NULL,'1080p@30fps','2 MP','Vibration; MP3, WAV ringtones',1,NULL,'Wi-Fi 802.11 a/b/g/n, Wi-Fi Direct, hotspot','v4.0, A2DP','Yes, with A-GPS',NULL,'Accelerometer, proximity','SMS(threaded view), MMS, Email, Push Mail, IM','HTML',0,'Black',20000,3000,NULL,'HSPA, LTE'),(42,42,16,'2016-10-21 05:34:28','2016-10-21 05:34:28','5.5 inches','1080 x 1920 pixels (~401 ppi pixel density)','IPS LCD capacitive touchscreen, 16M colors',1,'3 GB RAM','Mediatek MT6753','Removable Li-Ion','4080 mAh','GSM / HSPA / LTE','GSM 850 / 900 / 1800 / 1900 - SIM 1 & SIM 2 (dual-SIM model only)',' HSDPA',' LTE','Yes','Yes','2016, August','Coming soon. Exp. release 2016, December','-','-','Single SIM (Micro-SIM) or Dual SIM (Micro-SIM, dual stand-by)','Android OS, v6.0 (Marshmallow)','1.3','Quad-core','Mali-T720MP3','microSD','32 GB',NULL,NULL,'1080p@30fps','5 MP','Vibration; MP3, WAV ringtones',1,NULL,'Yes','Yes','Yes, with A-GPS',NULL,'Accelerometer, proximity, fingerprint','SMS(threaded view), MMS, Email, Push Mail, IM','HTML5',0,'Black, White',20000,3000,NULL,'HSPA, LTE'),(43,43,16,'2016-10-21 05:34:28','2016-10-21 05:34:28','5.0 inches','720 x 1280 pixels (~294 ppi pixel density)','IPS LCD capacitive touchscreen, 16M colors',1,'1 GB RAM','Mediatek MT6737','Removable Li-Ion','2000 mAh','GSM / HSPA / LTE','GSM 850 / 900 / 1800 / 1900 - SIM 1 & SIM 2 (dual-SIM model only)',' HSDPA',' LTE','Yes','Yes','2016, August','Coming soon. Exp. release 2016, November','-','-','Single SIM (Micro-SIM) or Dual SIM (Micro-SIM, dual stand-by)','Android OS, v6.0 (Marshmallow)','1.25','Quad-core','Mali-T720MP2','microSD','8 GB',NULL,NULL,'Yes','2 MP','Vibration; MP3, WAV ringtones',1,NULL,'Yes','Yes','Yes, with A-GPS',NULL,'Accelerometer, proximity','SMS(threaded view), MMS, Email, Push Mail, IM','HTML5',0,'Black, White',20000,3000,NULL,'HSPA, LTE'),(44,44,14,'2016-10-21 05:34:28','2016-10-21 05:34:28','10.0 inches (~71.6% screen-to-body ratio)','1200 x 1920 pixels (~226 ppi pixel density)','IPS LCD capacitive touchscreen, 16M colors',1,'2 GB RAM or 16/32 GB','Qualcomm MSM8939 Snapdragon 615','Non-removable Li-Ion','6660 mAh','GSM / CDMA / HSPA / LTE','GSM 850 / 900 / 1800 / 1900 ','HSDPA 850 / 900 / 1900 / 2100 ','LTE band 1(2100), 3(1800), 7(2600), 8(900), 20(800), 28(700), 38(2600), 40(2300) - FDR-A01L','Yes','Yes','2016, August','Available. Released 2016, September','259.1 x 156.4 x 8.5 mm (10.20 x 6.16 x 0.33 in)','495 g (1.09 lb)','Yes','Android OS, v5.1 (Lollipop)','(4x1.2','Octa-core','Adreno 405','microSD, up to 256 GB','16 GB',NULL,NULL,'1080p@30fps','2 MP','Vibration; MP3, WAV ringtones',1,NULL,'Wi-Fi 802.11 a/b/g/n/ac, dual-band, WiFi Direct, hotspot','v4.1, A2DP, LE','Yes, with A-GPS, GLONASS/ BDS (region dependent)',NULL,'Accelerometer','SMS(threaded view), MMS, Email, Push Mail, IM','HTML5',0,'Pearl White, Charcoal Black',20000,3000,NULL,'HSPA 21.1/5.76 Mbps, LTE Cat4 150/50 Mbps'),(45,45,14,'2016-10-21 05:34:28','2016-10-21 05:34:28','7.0 inches (~68.1% screen-to-body ratio)','1080 x 1920 pixels (~315 ppi pixel density)','LTPS IPS LCD capacitive touchscreen, 16M colors',1,'2 GB RAM or 32 GB','Qualcomm MSM8939 Snapdragon 615','Non-removable Li-Po','4360 mAh','GSM / HSPA / LTE','GSM 850 / 900 / 1800 / 1900 - SIM 1 & SIM 2',' HSDPA',' LTE','Yes','Yes','2016, August','Available. Released 2016, September','187.4 x 105.8 x 8.2 mm (7.38 x 4.17 x 0.32 in)','250 g (8.82 oz)','Dual SIM','Android OS, v5.1 (Lollipop)','(4x1.2','Octa-core','Adreno 405','To be confirmed','16 GB',NULL,NULL,'1080p@30fps','5 MP','Vibration; MP3, WAV ringtones',1,NULL,'Wi-Fi 802.11 b/g/n, Wi-Fi Direct, hotspot','v4.0, LE','Yes, with A-GPS, GLONASS/ BDS (region dependent)',NULL,'Fingerprint, accelerometer, proximity, compass','SMS(threaded view), MMS, Email, Push Mail, IM','HTML5',0,'White, Gold, Blue, Pink',20000,3000,NULL,'HSPA 21.1/5.76 Mbps, LTE Cat4 150/50 Mbps'),(46,46,14,'2016-10-21 05:34:28','2016-10-21 05:34:28','7.0 inches (~67.2% screen-to-body ratio)','600 x 1024 pixels (~170 ppi pixel density)','IPS LCD capacitive touchscreen, 16M colors',1,'1 GB RAM or 16 GB','Spreadtrum SC9830l','Non-removable Li-Ion','4100 mAh','GSM / HSPA / LTE','GSM 850 / 900 / 1800 / 1900 ','HSDPA 850 / 900 / 1900 / 2100 - BGO-DL09','LTE band 1(2100), 3(1800), 5(850), 8(900), 19(800), 20(800), 38(2600), 39(1900), 40(2300), 41(2500) - BGO-DL09','Yes','Yes','2016, August','Available. Released 2016, September','191.8 x 107 x 8.5 mm (7.55 x 4.21 x 0.33 in)','278 (9.81 oz)','Yes','Android OS, v6.0 (Marshmallow)','1.5','Quad-core',NULL,'To be confirmed','8/16 GB',NULL,NULL,'Yes','2 MP','Vibration; MP3, WAV ringtones',1,NULL,'Wi-Fi 802.11 b/g/n, Wi-Fi Direct, hotspot','v4.0, LE','Yes, with A-GPS, GLONASS/ BDS (region dependent)',NULL,'Accelerometer','SMS(threaded view), MMS, Email, Push Mail, IM','HTML5',0,'Black/Silver',20000,3000,NULL,'HSPA 21.1/5.76 Mbps, LTE Cat4 150/50 Mbps'),(47,47,17,'2016-10-21 05:34:28','2016-10-21 05:34:28','5.5 inches','720 x 1280 pixels (~267 ppi pixel density)','IPS LCD capacitive touchscreen, 16M colors',1,'2 GB RAM',NULL,'Li-Ion 3080','mAh battery','GSM / HSPA / LTE','GSM 850 / 900 / 1800 / 1900 ','HSDPA 850 / 1700(AWS) / 1900 ','LTE band 2(1900), 4(1700/2100), 12(700)','Yes','Yes','2016, August','Available. Released 2016, September','-','-','Yes','Android OS, v6.0 (Marshmallow)','1.2','Quad-core',NULL,'To be confirmed','16 GB',NULL,NULL,'1080p@30fps','5 MP','Vibration; MP3, WAV ringtones',1,NULL,'Wi-Fi 802.11 b/g/n, hotspot','Yes','Yes, with A-GPS',NULL,'Accelerometer, proximity, compass','SMS(threaded view), MMS, Email, Push Email, IM','HTML5',0,'Black',20000,3000,NULL,'HSPA, LTE Cat4 150/50 Mbps'),(48,48,8,'2016-10-21 05:34:28','2016-10-21 05:34:28','5.5 inches (~73.6% screen-to-body ratio)','1080 x 1920 pixels (~401 ppi pixel density)','IPS LCD capacitive touchscreen, 16M colors',1,'3 GB RAM','Mediatek MT6750','Non-removable Li-Ion','3000 mAh','GSM / HSPA / LTE','GSM 850 / 900 / 1800 / 1900 ','HSDPA 850 / 900 / 1900 / 2100 ',' LTE','Yes','Yes','Not announced yet','Rumored','151 x 75 x 8 mm (5.94 x 2.95 x 0.31 in)','-','Yes','Android OS, v7.0 (Nougat)','1.9','Octa-core','Mali-T860MP2','To be confirmed','32 GB',NULL,NULL,'1080p@30fps','8 MP','Vibration; MP3, WAV ringtones',1,NULL,'Wi-Fi 802.11 a/b/g/n/ac, dual-band, WiFi Direct, hotspot','v4.1, A2DP, LE','Yes, with A-GPS, GLONASS',NULL,'Fingerprint, accelerometer, gyro, proximity, compass','SMS(threaded view), MMS, Email, Push Email, IM','HTML5',0,'White, Black',20000,3000,NULL,'HSPA, LTE'),(49,49,18,'2016-10-21 05:34:28','2016-10-21 05:34:28','5.5 inches (~71.8% screen-to-body ratio)','720 x 1280 pixels (~267 ppi pixel density)','IPS LCD capacitive touchscreen, 16M colors',1,'2 GB RAM','Qualcomm MSM8909 Snapdragon 210','Li-Ion 2500','mAh battery','GSM / HSPA / LTE','GSM 850 / 900 / 1800 / 1900 ','HSDPA 850 / 1700(AWS) / 1900 ','LTE band 2(1900), 4(1700/2100), 12(700)','Yes','Yes','2016, August','Available. Released 2016, August','150.9 x 77 x 8.1 mm (5.94 x 3.03 x 0.32 in)','163.9 g (5.78 oz)','Yes','Android OS, v6.0 (Marshmallow)','1.1','Quad-core','Adreno 304','microSD, up to 256 GB (dedicated slot)','16 GB',NULL,NULL,'720p@30fps','5 MP','Vibration; MP3, WAV ringtones',1,NULL,'Wi-Fi 802.11 b/g/n, hotspot','v4.1, A2DP, LE','Yes, with A-GPS',NULL,'Accelerometer, proximity, compass','SMS(threaded view), MMS, Email, Push Mail, IM','HTML5',0,'Black',20000,3000,'Asahi Dragontrail Glass','HSPA, LTE Cat4 150/50 Mbps'),(50,50,19,'2016-10-21 05:34:28','2016-10-21 05:34:28','5.0 inches (~65.8% screen-to-body ratio)','720 x 1280 pixels (~294 ppi pixel density)','Super LCD capacitive touchscreen, 16M colors',1,'2 GB RAM or 32 GB','Mediatek MT6755 Helio P10','Non-removable Li-Ion','2300 mAh','GSM / HSPA / LTE','GSM 850 / 900 / 1800 / 1900 ','HSDPA 850 / 900 / 1900 / 2100 ','LTE band 1(2100), 2(1900), 3(1800), 4(1700/2100), 5(850), 7(2600), 8(900), 12(700), 17(700), 28(700), 38(2600), 40(2300)','Yes','Yes','2016, September','Coming soon. Exp. release 2016, October','146.5 x 71.5 x 8 mm (5.77 x 2.81 x 0.31 in)','149.8 g (5.29 oz)','Nano-SIM','Android OS, v6.0 (Marshmallow)','(4x1.8','Octa-core','Mali-T860MP2','microSD, up to 256 GB (dedicated slot)','16 GB',NULL,NULL,'1080p@30fps','5 MP, f/2.8, 33.7 mm, 1.12 Âµm pixel size','Vibration; MP3, WAV ringtones',1,NULL,'Wi-Fi 802.11 a/b/g/n, hotspot','v4.2, A2DP','Yes, with A-GPS, GLONASS',NULL,'Fingerprint, accelerometer, proximity, compass','SMS (threaded view), MMS, Email, Push Email','HTML5',0,'Black, Silver, Gold',20000,3000,'Corning Gorilla Glass (unspecified version)','HSPA 42.2/5.76 Mbps, LTE Cat6 300/50 Mbps'),(51,51,7,'2016-10-21 05:34:28','2016-10-21 05:34:28','5.5 inches (~72.2% screen-to-body ratio)','1080 x 1920 pixels (~401 ppi pixel density)','AMOLED capacitive touchscreen, 16M colors',0,'4 GB RAM','Mediatek MT6755 Helio P10','Non-removable Li-Po','3000 mAh','GSM / HSPA / LTE','GSM 850 / 900 / 1800 / 1900 - SIM 1 & SIM 2','HSDPA 850 / 1700(AWS) / 1900 / 2100 ','LTE band 2(1900), 4(1700/2100), 7(2600)','Yes','Yes','2016, August','Available. Released 2016, August','154.3 x 74.9 x 7 mm (6.07 x 2.95 x 0.28 in)','147.2 g (5.19 oz)','Dual SIM (Micro-SIM/Nano-SIM, dual stand-by)','Android OS, v6.0 (Marshmallow)','(4x1.9','Octa-core','Mali-T860MP2','microSD, up to 64 GB (uses SIM 2 slot)','64 GB',NULL,NULL,'1080p@30fps','8 MP, 1/4\" sensor size','Vibration; MP3, WAV ringtones',1,NULL,'Wi-Fi 802.11 a/b/g/n, Wi-Fi Direct, hotspot','v4.0, A2DP','Yes, with A-GPS',NULL,'Fingerprint, accelerometer, gyro, proximity','SMS(threaded view), MMS, Email, Push Email, IM','HTML5',0,'Gray, Gold',20000,3000,'Corning Gorilla Glass 3','HSPA 42.2/5.76 Mbps, LTE Cat6 300/50 Mbps'),(52,52,17,'2016-10-21 05:34:28','2016-10-21 05:34:28','5.0 inches (~66.5% screen-to-body ratio)','720 x 1280 pixels (~294 ppi pixel density)','IPS LCD capacitive touchscreen, 16M colors',1,'1 GB RAM','Mediatek MT6735P','Non-removable Li-Ion','4000 mAh','GSM / HSPA / LTE','GSM 850 / 900 / 1800 / 1900 - SIM 1 & SIM 2','HSDPA 850 / 900 / 2100 ','LTE band 1(2100), 3(1800), 7(2600), 8(900), 20(800), 38(2600), 40(2300)','Yes','Yes','2016, Q1','Available. Released 2016, Q1','145 x 71.5 x 8.9 mm (5.71 x 2.81 x 0.35 in)','159 g (5.61 oz)','Dual SIM (Micro-SIM, dual stand-by)','Android OS, v5.1 (Lollipop)','1.0','Quad-core','Mali-T720MP2','microSD, up to 32 GB (dedicated slot)','8 GB',NULL,NULL,'1080p@30fps','5 MP','Vibration; MP3, WAV ringtones',1,NULL,'Wi-Fi 802.11 b/g/n, Wi-Fi Direct, hotspot','v4.0, A2DP','Yes, with A-GPS',NULL,'Accelerometer, proximity','SMS(threaded view), MMS, Email, Push Email, IM','HTML5',0,'Ion Gold, Black, White',20000,3000,NULL,'HSPA, LTE Cat4 150/50 Mbps'),(53,53,17,'2016-10-21 05:34:28','2016-10-21 05:34:28','5.0 inches (~66.9% screen-to-body ratio)','720 x 1280 pixels (~294 ppi pixel density)','IPS LCD capacitive touchscreen, 16M colors',1,'1 GB RAM or 16 GB','Mediatek MT6735','Non-removable Li-Ion','4000 mAh','GSM / HSPA / LTE','GSM 850 / 900 / 1800 / 1900 - SIM 1 & SIM 2','HSDPA 900 / 1900 / 2100 ','LTE band 1(2100), 3(1800), 7(2600), 8(900), 20(800), 38(2600), 40(2300)','Yes','Yes','2016, August','Available. Released 2016, September','145 x 71 x 8.2 mm (5.71 x 2.80 x 0.32 in)','-','Dual SIM (Nano-SIM, dual stand-by)','Android OS, v6.0 (Marshmallow)','1.3','Quad-core','Mali-T720MP2','microSD, up to 256 GB (dedicated slot)','8 GB',NULL,NULL,'1080p@30fps','5 MP','Vibration; MP3, WAV ringtones',1,NULL,'Wi-Fi 802.11 b/g/n, Wi-Fi Direct, hotspot','v4.1, A2DP, LE','Yes, with A-GPS',NULL,'Accelerometer, proximity','SMS(threaded view), MMS, Email, Push Email, IM','HTML5',0,'Shining Silver, Honor Gold, Space Grey',20000,3000,NULL,'HSPA, LTE Cat4 150/50 Mbps'),(54,54,17,'2016-10-21 05:34:29','2016-10-21 05:34:29','5.2 inches (~63.4% screen-to-body ratio)','720 x 1280 pixels (~282 ppi pixel density)','IPS LCD capacitive touchscreen, 16M colors',1,'2 GB RAM','Qualcomm MSM8917 Snapdragon 425','Non-removable Li-Ion','2540 mAh','GSM / HSPA / LTE','GSM 850 / 900 / 1800 / 1900 - SIM 1 & SIM 2','HSDPA 900 / 2100 ','LTE band 1(2100), 3(1800), 7(2600), 8(900), 20(800)','Yes','Yes','2016, July','Available. Released 2016, July','164.3 x 71.6 x 7.6 mm (6.47 x 2.82 x 0.30 in)','130 g (4.59 oz)','Dual SIM','Android OS, v6.0 (Marshmallow)','1.4','Quad-core','Adreno 308','microSD, up to 256 GB','16 GB',NULL,NULL,'1080p@30fps','5 MP','Vibration; MP3, WAV ringtones',1,NULL,'Wi-Fi 802.11 b/g/n, Wi-Fi Direct, hotspot','v4.1, A2DP, LE','Yes, with A-GPS',NULL,'Accelerometer, proximity','SMS(threaded view), MMS, Email, Push Email, IM','HTML5',0,'White, Black, Pink',20000,3000,NULL,'HSPA, LTE Cat4 150/50 Mbps'),(55,55,15,'2016-10-21 05:34:29','2016-10-21 05:34:29','4.6 inches (~69.6% screen-to-body ratio)','720 x 1280 pixels (~319 ppi pixel density)','IPS LCD capacitive touchscreen, 16M colors',0,'3 GB RAM','Qualcomm MSM8956 Snapdragon 650','Non-removable Li-Ion','2700 mAh','GSM / HSPA / LTE','GSM 850 / 900 / 1800 / 1900 ','HSDPA 800 / 850 / 900 / 1700(AWS) / 1900 / 2100 - F5321','LTE band 1(2100), 2(1900), 3(1800), 4(1700/2100), 5(850), 7(2600), 8(900), 12(700), 17(700), 19(800), 20(800), 26(850), 28(700), 38(2600), 39(1900), 40(2300), 41(2500) - F5321','Yes','Yes','2016, September','Available. Released 2016, September','129 x 65 x 9.5 mm (5.08 x 2.56 x 0.37 in)','135 g (4.76 oz)','Nano-SIM','Android OS, v6.0.1 (Marshmallow), planned upgrade to v7.0 (Nougat)','(4x1.4','Hexa-core','Adreno 510','microSD, up to 256 GB (dedicated slot)','32 GB',NULL,NULL,'1080p@30fps, 1080p@60fps, check quality','5 MP, 1080p','Vibration; MP3, WAV ringtones',1,NULL,'Wi-Fi 802.11 a/b/g/n/ac, dual-band, Wi-Fi Direct, DLNA, hotspot','v4.2, A2DP, aptX, LE','Yes, with A-GPS, GLONASS/ BDS (region dependent)',NULL,'Fingerprint, accelerometer, gyro, proximity, barometer, compass, color spectrum','SMS (threaded view), MMS, Email, IM, Push Email','HTML5',0,'White, Universe black, Mist blue',20000,3000,'Scratch-resistant glass, oleophobic coating','HSPA 42.2/5.76 Mbps, LTE Cat6 300/50 Mbps'),(56,56,20,'2016-10-21 05:34:29','2016-10-21 05:34:29','5.5 inches (~72.7% screen-to-body ratio)','1080 x 1920 pixels (~401 ppi pixel density)','IPS LCD capacitive touchscreen, 16M colors',1,'2 GB RAM - Standard edition\r\n64 GB','Mediatek MT6797 Helio X20','Non-removable Li-Po','4100 mAh','GSM / CDMA / HSPA / EVDO / LTE','GSM 900 / 1800 / 1900 - SIM 1 & SIM 2','HSDPA 850 / 900 / 1900 / 2100 ','LTE band 1(2100), 3(1800), 5(850), 7(2600), 8(900), 38(2600), 39(1900), 40(2300), 41(2500)','Yes','Yes','2016, August','Available. Released 2016, August','151 x 76 x 8.4 mm (5.94 x 2.99 x 0.33 in)','175 g (6.17 oz)','Dual SIM (Micro-SIM/Nano-SIM, dual stand-by)','Android OS, v6.0 (Marshmallow)','2.1','Deca-core','Mali-T880 MP4','microSD, up to 256 GB (uses SIM 2 slot)','16 GB',NULL,NULL,'1080p@30fps, 720p@120fps','5 MP, f/2.0, 1080p','Vibration; MP3, WAV ringtones',1,NULL,'Wi-Fi 802.11 a/b/g/n/ac, dual-band, WiFi Direct, hotspot','v4.2, A2DP, LE','Yes, with A-GPS, GLONASS, BDS',NULL,'Fingerprint, accelerometer, gyro, proximity, compass','SMS(threaded view), MMS, Email, Push Mail, IM','HTML5',0,'Silver, Gray, Gold',20000,3000,NULL,'HSPA, LTE'),(57,57,17,'2016-10-21 05:34:29','2016-10-21 05:34:29','6.0 inches','1080 x 1920 pixels (~367 ppi pixel density)','IPS LCD capacitive touchscreen, 16M colors',1,'4 GB RAM','Qualcomm MSM8953 Snapdragon 625','Non-removable Li-Po',NULL,'GSM / HSPA / LTE','GSM 850 / 900 / 1800 / 1900 - SIM 1 & SIM 2',' HSDPA',' LTE','Yes','Yes','Not announced yet','Rumored','-','-','Dual SIM (Nano-SIM, dual stand-by)','Android OS, v6.0 (Marshmallow)','2.0','Octa-core','Adreno 506','microSD, up to 256 GB (uses SIM 2 slot)','64 GB',NULL,NULL,'2160p@30fps','13 MP, 2160p@30fps','Vibration; MP3, WAV ringtones',1,NULL,'Wi-Fi 802.11 a/b/g/n, Wi-Fi Direct, hotspot','v4.1, A2DP, LE','Yes, with A-GPS, GLONASS/ BDS (region dependent)',NULL,'Fingerprint, accelerometer, gyro, proximity, compass','SMS(threaded view), MMS, Email, Push Email, IM','HTML5',0,'Gold',20000,3000,NULL,'HSPA 42.2/5.76 Mbps, LTE Cat4 150/50 Mbps'),(58,58,21,'2016-10-21 05:34:29','2016-10-21 05:34:29','5.5 inches (~71.4% screen-to-body ratio)','1080 x 1920 pixels (~401 ppi pixel density)','IPS LCD capacitive touchscreen, 16M colors',1,'3 GB RAM','Mediatek MT6753','Non-removable Li-Po','3150 mAh','GSM / HSPA / LTE','GSM 850 / 900 / 1800 / 1900 - SIM 1 & SIM 2','HSDPA 900 / 1900 / 2100 ','LTE band 3(1800), 5(850), 40(2300)','Yes','Yes','2016, August','Available. Released 2016, August','154.5 x 75.6 x 8.3 mm (6.08 x 2.98 x 0.33 in)','166 g (5.86 oz)','Dual SIM (Nano-SIM/ Micro-SIM, dual stand-by)','Android OS, v6.0 (Marshmallow)','1.3','Octa-core','Mali-T720MP3','microSD, up to 256 GB (uses SIM 2 slot)','32 GB',NULL,NULL,'1080p@30fps','8 MP, f/2.2, LED flash','Vibration; MP3, WAV ringtones',1,NULL,'Wi-Fi 802.11 b/g/n, Wi-Fi Direct, hotspot','v4.0, A2DP','Yes, with A-GPS',NULL,'Fingerprint, accelerometer, proximity, compass','SMS(threaded view), MMS, Email, Push Mail, IM','HTML5',0,'Mocha Gold, Latte Gold',20000,3000,'Corning Gorilla Glass 3','HSPA, LTE Cat4 150/50 Mbps'),(59,59,4,'2016-10-21 05:34:29','2016-10-21 05:34:29','4.0 inches (~59.5% screen-to-body ratio)','480 x 800 pixels (~233 ppi pixel density)','TFT capacitive touchscreen, 256K colors',1,'1 GB RAM','Spreadtrum SC9830','Removable Li-Ion','1500 mAh','GSM / HSPA / LTE','GSM 900 / 1800 - SIM 1 & SIM 2','HSDPA 900 / 2100 ','LTE band 1(2100), 3(1800), 5(850), 8(900), 40(2300)','Yes','Yes','2016, August','Available. Released 2016, August','121.5 x 63 x 10.8 mm (4.78 x 2.48 x 0.43 in)','127 g (4.48 oz)','Dual SIM (Micro-SIM, dual stand-by)','Tizen OS, v2.4','1.5','Quad-core','Mali-400MP2','microSD, up to 200 GB','8 GB',NULL,NULL,'720p@30fps','VGA, f/2.4','Vibration; MP3, WAV ringtones',1,NULL,'Wi-Fi 802.11 b/g/n, Wi-Fi Direct, hotspot','v4.0, A2DP','Yes, with A-GPS, GLONASS',NULL,'Accelerometer','SMS(threaded view), MMS, Email, Push Mail, IM','HTML',0,'Gold, Black, Red',20000,3000,NULL,'HSPA, LTE Cat4 150/50 Mbps'),(60,60,22,'2016-10-21 05:34:29','2016-10-21 05:34:29','4.7 inches','720 x 1280 pixels (~312 ppi pixel density)','IPS LCD capacitive touchscreen, 16M colors',0,'2 GB RAM','Qualcomm MSM8916 Snapdragon 410','Non-removable Li-Po','2000 mAh','GSM / HSPA / LTE','GSM 900 / 1800 / 1900 - SIM 1 & SIM 2','HSDPA 900 / 2100 ','LTE band 3(1800), 40(2300)','Yes','Yes','2016, August','Coming soon','8.3 mm thickness','128 g (4.52 oz)','Dual SIM (Micro-SIM, dual stand-by)','Android OS, v5.1.1 (Lollipop)','1.2','Quad-core','Adreno 306','microSD, up to 32 GB','8 GB',NULL,NULL,'1080p@30fps','2 MP, HDR','Vibration; MP3, WAV ringtones',1,NULL,'Wi-Fi 802.11 b/g/n, hotspot','v4.0, A2DP, aptX','Yes, with A-GPS, GLONASS',NULL,'Accelerometer, proximity','SMS (threaded view), MMS, Email, Push Email','HTML5',0,'Black',20000,3000,'Corning Gorilla Glass 3','HSPA, LTE Cat4 150/50 Mbps'),(61,61,22,'2016-10-21 05:34:29','2016-10-21 05:34:29','5.2 inches','1080 x 1920 pixels (~424 ppi pixel density)','IPS LCD capacitive touchscreen, 16M colors',1,'3 GB RAM','Qualcomm MSM8939 Snapdragon 615','Li-Ion 3000','mAh battery','GSM / HSPA / LTE','GSM 900 / 1800 / 1900 - SIM 1 & SIM 2','HSDPA 900 / 2100 ','LTE band 3(1800), 40(2300)','Yes','Yes','2016, August','Coming soon','-','-','Dual SIM (Micro-SIM, dual stand-by)','Android OS, v5.1.1 (Lollipop)','(4x1.7','Octa-core','Adreno 405','microSD, up to 128 GB (uses SIM 2 slot)','16 GB',NULL,NULL,'1080p@30fps','5 MP, f/2.2','Vibration; MP3, WAV ringtones',1,NULL,'Wi-Fi 802.11 b/g/n, hotspot','v4.0, A2DP','Yes, with A-GPS',NULL,'Accelerometer, gyro, proximity, compass','SMS (threaded view), MMS, Email, Push Email','HTML5',0,'Dark Grey, Rose Gold, White',20000,3000,'Corning Gorilla Glass 3','HSPA 42.2/11.5 Mbps, LTE Cat4 150/50 Mbps'),(62,62,14,'2016-10-21 05:34:29','2016-10-21 05:34:29','5.5 inches (~72.6% screen-to-body ratio)','1080 x 1920 pixels (~401 ppi pixel density)','IPS LCD capacitive touchscreen, 16M colors',1,'3/4 GB RAM or 64 GB','Qualcomm MSM8953 Snapdragon 625','Non-removable Li-Po','3340 mAh','GSM / HSPA / LTE','GSM 850 / 900 / 1800 / 1900 - SIM 1 & SIM 2',' HSDPA',' LTE','Yes','Yes','2016, August','Available. Released 2016, August','151.8 x 75.7 x 7.3 mm (5.98 x 2.98 x 0.29 in)','160 g (5.64 oz)','Dual SIM (Nano-SIM, dual stand-by)','Android OS, v6.0 (Marshmallow)','2.0','Octa-core','Adreno 506','microSD, up to 256 GB (uses SIM 2 slot)','32 GB',NULL,NULL,'2160p@30fps','8 MP','Vibration; MP3, WAV ringtones',1,NULL,'Wi-Fi 802.11 b/g/n, Wi-Fi Direct, hotspot','v4.1, A2DP, LE','Yes, with A-GPS, GLONASS/ BDS (region dependent)',NULL,'Fingerprint, accelerometer, proximity, compass','SMS(threaded view), MMS, Email, Push Mail, IM','HTML5',0,'Black, White, Gold',20000,3000,NULL,'HSPA, LTE'),(63,63,14,'2016-10-21 05:34:29','2016-10-21 05:34:29','5.0 inches (~70.6% screen-to-body ratio)','1080 x 1920 pixels (~441 ppi pixel density)','IPS LCD capacitive touchscreen, 16M colors',1,'3 GB RAM','Qualcomm MSM8953 Snapdragon 625','Non-removable Li-Po','3020 mAh','GSM / HSPA / LTE','GSM 850 / 900 / 1800 / 1900 - SIM 1 & SIM 2 (dual-SIM model only)','HSDPA 850 / 900 / 1900 / 2100 - CAN-L01L11','LTE band 1(2100), 3(1800), 7(2600), 8(900), 20(800), 38(2600) - CAN-L01L11','Yes','Yes','2016, September','Coming soon. Exp. release 2016, October','141.2 x 69.1 x 7.1 mm (5.56 x 2.72 x 0.28 in)','146 g (5.15 oz)','Single SIM (Nano-SIM) or Dual SIM (Nano-SIM, dual stand-by)','Android OS, v6.0.1 (Marshmallow)','2.0','Octa-core','Adreno 506','microSD, up to 256 GB (uses SIM 2 slot)','32 GB',NULL,NULL,'2160p@30fps, check quality','8 MP','Vibration; MP3, WAV ringtones',1,NULL,'Wi-Fi 802.11 b/g/n, Wi-Fi Direct, hotspot','v4.1, A2DP, LE','Yes, with A-GPS, GLONASS',NULL,'Fingerprint, accelerometer, gyro, proximity, compass','SMS (threaded view), MMS, Email, Push Email','HTML5',0,'Prestige Gold, Mystic Silver, Titanium Grey',20000,3000,NULL,'HSPA, LTE'),(64,64,23,'2016-10-21 05:34:29','2016-10-21 05:34:29','5.0 inches (~64.6% screen-to-body ratio)','720 x 1280 pixels (~294 ppi pixel density)','IPS LCD capacitive touchscreen, 16M colors',0,'1 GB RAM',NULL,'Removable Li-Ion','2000 mAh','GSM / HSPA / LTE','GSM 850 / 900 / 1800 / 1900 - SIM 1 & SIM 2','HSDPA 850 / 900 / 1900 / 2100 ','LTE band 2(1900), 3(1800), 4(1700/2100), 12(700), 17(700)','Yes','Yes','2016, June','Available. Released 2016, August','145.2 x 73.5 x 9.2 mm (5.72 x 2.89 x 0.36 in)','170 g (6.00 oz)','Dual SIM (Micro-SIM, dual stand-by)','Android OS, v5.1 (Lollipop)','1.1','Quad-core','Adreno 304','microSD, up to 32 GB','8 GB',NULL,NULL,'1080p@30fps','2 MP, autofocus','Vibration; MP3, WAV ringtones',1,NULL,'Wi-Fi 802.11 b/g/n','v4.1, LE','Yes, with A-GPS',NULL,'Accelerometer, proximity','SMS(threaded view), MMS, Email, Push Email, IM','HTML5',0,'Black, Silver',20000,3000,NULL,'HSPA, LTE'),(65,65,23,'2016-10-21 05:34:29','2016-10-21 05:34:29','5.0 inches (~68.1% screen-to-body ratio)','480 x 854 pixels (~196 ppi pixel density)','IPS LCD capacitive touchscreen, 16M colors',1,'1 GB RAM',NULL,'Removable Li-Ion','2000 mAh','GSM / HSPA','GSM 850 / 900 / 1800 / 1900 - SIM 1 & SIM 2 (dual-SIM model only)','HSDPA 850 / 1900 / 2100 ',NULL,'Yes','Yes','2016, May','Available. Released 2016, July','143.5 x 70.5 x 9.2 mm (5.65 x 2.78 x 0.36 in)','177 g (6.24 oz)','Single SIM (Micro-SIM) or Dual SIM (Micro-SIM, dual stand-by)','Android OS, v5.1 (Lollipop)','1.3','Quad-core','Mali-400','microSD, up to 32 GB','8 GB',NULL,NULL,'720p@30fps','1.3 MP, autofocus, LED flash','Vibration; MP3, WAV ringtones',1,NULL,'Wi-Fi 802.11 b/g/n','v4.0, LE','Yes, with A-GPS',NULL,'Accelerometer, proximity','SMS(threaded view), MMS, Email, Push Email, IM','HTML5',0,'Black, White, Blue',20000,3000,NULL,'HSPA 42.2/11.5 Mbps'),(66,66,23,'2016-10-21 05:34:29','2016-10-21 05:34:29','4.0 inches (~56.7% screen-to-body ratio)','480 x 800 pixels (~233 ppi pixel density)','Capacitive touchscreen',0,'1 GB RAM',NULL,'Removable Li-Ion','1400 mAh','GSM / HSPA','GSM 850 / 900 / 1800 / 1900 - SIM 1 & SIM 2','HSDPA 850 / 1900 / 2100 ',NULL,'Yes','Yes','2016, May','Available. Released 2016, July','124.5 x 64.5 x 10.2 mm (4.90 x 2.54 x 0.40 in)','113 g (3.99 oz)','Dual SIM (Micro-SIM, dual stand-by)','Android OS, v5.1 (Lollipop)','1.2','Quad-core','Mali-400','microSD, up to 32 GB','8 GB',NULL,NULL,'720p@30fps','1.3 MP, autofocus','Vibration; MP3, WAV ringtones',1,NULL,'Wi-Fi 802.11 a/b/g/n','v2.1','Yes, with A-GPS',NULL,'Accelerometer, proximity','SMS(threaded view), MMS, Email, Push Email, IM','HTML5',0,'Black, White, Navy',20000,3000,NULL,'HSPA 42.2/21 Mbps'),(67,67,23,'2016-10-21 05:34:29','2016-10-21 05:34:29','4.0 inches (~59.9% screen-to-body ratio)','480 x 800 pixels (~233 ppi pixel density)','IPS LCD capacitive touchscreen, 16M colors',1,'1 GB RAM',NULL,'Removable Li-Ion','1600 mAh','GSM / HSPA','GSM 850 / 900 / 1800 / 1900 - SIM 1 & SIM 2 (dual-SIM model only)','HSDPA 850 / 1900 / 2100 ',NULL,'Yes','Yes','2016, May','Available. Released 2016, July','120.3 x 63.2 x 11.7 mm (4.74 x 2.49 x 0.46 in)','163 g (5.75 oz)','Single SIM (Micro-SIM) or Dual SIM (Micro-SIM, dual stand-by)','Android OS, v5.1 (Lollipop)','1.3','Quad-core','Mali-400','microSD, up to 32 GB','8 GB',NULL,NULL,'720p@30fps','1.3 MP, autofocus','Vibration; MP3, WAV ringtones',1,NULL,'Wi-Fi 802.11 b/g/n, hotspot','v4.0, LE','Yes, with A-GPS',NULL,'Accelerometer, proximity','SMS(threaded view), MMS, Email, Push Email, IM','HTML5',0,'Black, White, Blue',20000,3000,NULL,'HSPA 42.2/11.5 Mbps'),(68,68,23,'2016-10-21 05:34:29','2016-10-21 05:34:29','3.5 inches (~52.0% screen-to-body ratio)','320 x 480 pixels (~165 ppi pixel density)','IPS LCD capacitive touchscreen, 16M colors',0,'512 MB RAM',NULL,'Removable Li-Ion','1100 mAh','GSM / HSPA','GSM 850 / 900 / 1800 / 1900 - SIM 1 & SIM 2 (dual-SIM model only)','HSDPA 850 / 1900 / 2100 ',NULL,'Yes','Yes','2016, May','Available. Released 2016, June','115 x 61 x 10.5 mm (4.53 x 2.40 x 0.41 in)','113 g (3.99 oz)','Single SIM (Micro-SIM) or Dual SIM (Micro-SIM, dual stand-by)','Android OS, v4.4 (KitKat)','GHz','1.2','Mali-400','microSD, up to 32 GB','4 GB',NULL,NULL,'720p@30fps','1.3 MP, autofocus','Vibration; MP3, WAV ringtones',1,NULL,'Wi-Fi 802.11 b/g/n, hotspot','v2.0','Yes, with A-GPS',NULL,'Accelerometer, gyro, proximity','SMS(threaded view), MMS, Email, Push Email, IM','HTML5',0,'Black, White, Blue',20000,3000,NULL,'HSPA 21.1/5.76 Mbps'),(69,69,23,'2016-10-21 05:34:30','2016-10-21 05:34:30','1.8 inches (~21.5% screen-to-body ratio)','128 x 160 pixels (~114 ppi pixel density)','TFT',0,'32 MB RAM',NULL,'Removable Li-Ion','800 mAh','GSM','GSM 850 / 900 / 1800 / 1900 ',NULL,NULL,'Yes','Yes','2016, March','Available. Released 2016, April','110.5 x 43 x 13.7 mm (4.35 x 1.69 x 0.54 in)','73 g (2.57 oz)','Mini-SIM',NULL,NULL,NULL,NULL,'microSD, up to 32 GB','32 MB',NULL,NULL,'720p@30fps','No','Vibration; MP3, WAV ringtones',1,NULL,'No','Yes','No',NULL,NULL,'SMS(threaded view), MMS','Yes',0,'Black/Grey',20000,3000,NULL,NULL),(70,70,19,'2016-10-21 05:34:30','2016-10-21 05:34:30','5.5 inches (~70.5% screen-to-body ratio)','1080 x 1920 pixels (~400 ppi pixel density)','IPS LCD capacitive touchscreen, 16M colors',1,'4 GB RAM','Mediatek MT6755 Helio P10','Li-Ion 3000','mAh battery','GSM / HSPA / LTE','GSM 850 / 900 / 1800 / 1900 - SIM 1 & SIM 2','HSDPA 850 / 900 / 1900 / 2100 ','LTE band 1(2100), 3(1800), 5(850), 7(2600), 8(900), 20(800), 28(700), 38(2600), 40(2300)','Yes','Yes','2016, September','Coming soon. Exp. release 2016, October','156.5 x 76 x 7.9 mm (6.16 x 2.99 x 0.31 in)','165 g (5.82 oz)','Dual SIM (Nano-SIM, dual stand-by)','Android OS, v6.0 (Marshmallow)',NULL,NULL,NULL,'microSD, up to 256 GB','64 GB',NULL,NULL,'1080p@30fps','13 MP, f/2.2, 28mm, 1080p, Auto-HDR','Vibration; MP3, WAV ringtones',1,NULL,'Wi-Fi 802.11 a/b/g/n, dual-band, WiFi Direct, hotspot','v4.2, A2DP, LE','Yes, with A-GPS, GLONASS',NULL,'Fingerprint, accelerometer, proximity, compass','SMS(threaded view), MMS, Email, Push Mail, IM','HTML5',0,'Stone Black, Polar White, Royal Blue, Valentine Lux',20000,3000,'Corning Gorilla Glass (unspecified version)','HSPA 42.2/5.76 Mbps, LTE Cat6 300/50 Mbps'),(71,71,19,'2016-10-21 05:34:30','2016-10-21 05:34:30','5.5 inches (~69.1% screen-to-body ratio)','720 x 1280 pixels (~267 ppi pixel density)','IPS LCD capacitive touchscreen, 16M colors',1,'3 GB RAM','Qualcomm MSM8928 Snapdragon 400','Non-removable Li-Ion','2700 mAh','GSM / HSPA / LTE','GSM 850 / 900 / 1800 / 1900 - SIM 1 & SIM 2','HSDPA 850 / 900 / 1900 / 2100 ','LTE band 1(2100), 3(1800), 5(850), 7(2600), 8(900), 20(800), 28(700), 40(2300)','Yes','Yes','2016, September','Available. Released 2016, September','156.9 x 76.9 x 7.7 mm (6.18 x 3.03 x 0.30 in)','155 g (5.47 oz)','Dual SIM (Nano-SIM, dual stand-by)','Android OS, v6.0 (Marshmallow)','1.4','Quad-core','Adreno 305','microSD, up to 256 GB (dedicated slot)','32 GB',NULL,NULL,'1080p@30fps','5 MP, f/2.8, 34mm, 1080p, HDR','Vibration; MP3, WAV ringtones',1,NULL,'Wi-Fi 802.11 b/g/n, hotspot','v4.1, A2DP, LE','Yes, with A-GPS, GLONASS',NULL,'Accelerometer, proximity, compass','SMS(threaded view), MMS, Email, Push Mail, IM','HTML5',0,'Stone Black, Polar White, Royal Blue, Valentine Lux',20000,3000,'Corning Gorilla Glass (unspecified version)','HSPA 42.2/5.76 Mbps, LTE Cat4 150/50 Mbps'),(72,72,2,'2016-10-21 05:34:30','2016-10-21 05:34:30','5.5 inches','1080 x 1920 pixels (~401 ppi pixel density)','IPS LCD capacitive touchscreen, 16M colors',1,'4 GB RAM','Qualcomm MSM8996 Snapdragon 820','Non-removable Li-Ion',NULL,'GSM / HSPA / LTE','GSM 850 / 900 / 1800 / 1900 - SIM 1 & SIM 2',' HSDPA',' LTE','Yes','Yes','Not announced yet','Rumored','-','-','Dual SIM (Nano-SIM, dual stand-by)','Android OS, v6.0.1 (Marshmallow)','(2x2.15','Quad-core','Adreno 530','No','32 GB',NULL,NULL,'2160p@30fps, 1080p@30fps, 720p@120fps','8 MP, f/2.2, 1.4 Âµm pixel size, 1080p','Vibration; MP3, WAV ringtones',1,NULL,'Wi-Fi 802.11 a/b/g/n/ac, dual-band, WiFi Direct, hotspot','v4.2, A2DP, LE','Yes, with A-GPS, GLONASS, BDS',NULL,'Fingerprint, accelerometer, gyro, proximity, compass','SMS (threaded view), MMS, Email, Push Email','HTML5',0,'Rose gold, gold, silver, grey',20000,3000,NULL,'HSPA, LTE'),(73,73,5,'2016-10-21 05:34:30','2016-10-21 05:34:30','5.0 inches (~66.9% screen-to-body ratio)','720 x 1280 pixels (~294 ppi pixel density)','IPS LCD capacitive touchscreen, 16M colors',1,'1 GB RAM',NULL,'Li-Po 2500','mAh battery','GSM / HSPA','GSM 900 / 1800 - SIM 1 & SIM 2','HSDPA 2100 ',NULL,'Yes','Yes','2016, June','Available. Released 2016, June','143.5 x 71.8 x 8.9 mm (5.65 x 2.83 x 0.35 in)','-','Dual SIM','Android OS, v6.0 (Marshmallow)','1.3','Quad-core',NULL,'microSD, up to 64 GB','8 GB',NULL,NULL,'Yes','5 MP, LED flash','Vibration; MP3, WAV ringtones',1,NULL,'Wi-Fi 802.11 b/g/n, hotspot','v4.0','Yes, with A-GPS',NULL,'Accelerometer','SMS(threaded view), MMS, Email, IM','HTML',0,'White/Gold, Gray',20000,3000,NULL,'HSPA'),(74,74,10,'2016-10-21 05:34:30','2016-10-21 05:34:30','5.5 inches (~70.8% screen-to-body ratio)','720 x 1280 pixels (~267 ppi pixel density)','IPS LCD capacitive touchscreen, 16M colors',1,'3 GB RAM','Qualcomm MSM8952 Snapdragon 617','Non-removable Li-Ion','2500 mAh','GSM / HSPA / LTE','GSM 900 / 1800 / 1900 - SIM 1 & SIM 2','HSDPA 900 / 2100 ','LTE band 1(2100), 3(1800), 7(2600), 20(800)','Yes','Yes','2016, July','Available. Released 2016, July','154 x 76.5 x 8.7 mm (6.06 x 3.01 x 0.34 in)','163 g (5.75 oz)','Dual SIM','Android OS, v5.1 (Lollipop)','(4x1.36','Octa-core','Adreno 405','microSD, up to 32 GB (uses SIM 2 slot)','16 GB',NULL,NULL,'1080p@30fps','5 MP, f/2.2, 1080p','Vibration; MP3, WAV ringtones',1,NULL,'Wi-Fi 802.11 b/g/n, hotspot','v4.0, A2DP','Yes, with A-GPS',NULL,'Fingerprint, accelerometer, proximity, compass','SMS(threaded view), MMS, Email, Push Mail, IM','HTML5',0,'White/Gold',20000,3000,NULL,'HSPA, LTE Cat4 150/50 Mbps'),(75,75,2,'2016-10-21 05:34:30','2016-10-21 05:34:30','5.5 inches (~73.3% screen-to-body ratio)','1080 x 1920 pixels (~401 ppi pixel density)','IPS LCD capacitive touchscreen, 16M colors',1,'3/4 GB RAM or 64 GB','Qualcomm MSM8976 Snapdragon 652','Non-removable Li-Ion','4060 mAh','GSM / CDMA / HSPA / LTE','GSM 850 / 900 / 1800 / 1900 - SIM 1 & SIM 2','HSDPA 850 / 900 / 1900 / 2100 ','LTE band 1(2100), 3(1800), 5(850), 7(2600), 8(900), 38(2600), 39(1900), 40(2300), 41(2500)','Yes','Yes','2016, August','Available. Released 2016, August','152 x 74.8 x 8.2 mm (5.98 x 2.94 x 0.32 in)','167 g (5.89 oz)','Dual SIM (Nano-SIM, dual stand-by)','Android OS, v6.0 (Marshmallow)','(4x1.2','Octa-core','Adreno 510','No','32 GB',NULL,NULL,'2160p@30fps, 1080p@30fps, 720p@120fps','8 MP, f/2.2, 1.4 Âµm pixel size, 1080p','Vibration; MP3, WAV ringtones',1,NULL,'Wi-Fi 802.11 a/b/g/n/ac, dual-band, WiFi Direct, hotspot','v4.1, A2DP, LE','Yes, with A-GPS, GLONASS, BDS',NULL,'Fingerprint, accelerometer, gyro, proximity, compass','SMS (threaded view), MMS, Email, Push Email','HTML5',0,'Gold, Silver, Rose Gold',20000,3000,NULL,'HSPA, LTE'),(76,76,24,'2016-10-21 05:34:30','2016-10-21 05:34:30','1.39 inches','400 x 400 pixels (~287 ppi pixel density)','AMOLED capacitive touchscreen, 16M colors',1,'512 MB RAM','Qualcomm Snapdragon Wear 2100','Non-removable Li-Ion','341 mAh','No cellular connectivity',' N/A',NULL,NULL,'No','No','2016, August','Coming soon. Exp. release 2016, Q4','10 mm thickness','-','No','Android Wear OS 2.0',NULL,'Quad-core',NULL,'No','4 GB',NULL,NULL,NULL,NULL,'Vibration; MP3, WAV ringtones',1,NULL,'Wi-Fi 802.11 b/g/n','v4.2, LE','No',NULL,'Accelerometer','SMS, Email, IM','No',0,'Gunmetal, Silver, Rose gold',20000,3000,'To be confirmed',NULL),(77,77,10,'2016-10-21 05:34:30','2016-10-21 05:34:30','5.5 inches (~71.3% screen-to-body ratio)','1080 x 1920 pixels (~401 ppi pixel density)','IPS LCD capacitive touchscreen, 16M colors',1,'3 GB RAM','Mediatek MT6753','Non-removable Li-Ion','3000 mAh','GSM / HSPA / LTE','GSM 900 / 1800 / 1900 - SIM 1 & SIM 2','HSDPA 900 / 2100 ','LTE band 1(2100), 3(1800), 40(2300)','Yes','Yes','2016, May','Available. Released 2016, July','152 x 77 x 9 mm (5.98 x 3.03 x 0.35 in)','168 g (5.93 oz)','Dual SIM (Micro-SIM, dual stand-by)','Android OS, v5.1 (Lollipop)','1.3','Octa-core','Mali-T720MP3','microSD, up to 64 GB (dedicated slot)','16 GB',NULL,NULL,'1080p@30fps','5 MP','Vibration; MP3, WAV ringtones',1,NULL,'Wi-Fi 802.11 b/g/n, hotspot','v4.0, A2DP','Yes, with A-GPS',NULL,'Fingerprint, accelerometer, proximity, compass','SMS(threaded view), MMS, Email, Push Mail, IM','HTML5',0,'Champagne Gold, White',20000,3000,'Scratch-resistant glass','HSPA 42.2/5.76 Mbps, LTE Cat4 150/50 Mbps'),(78,78,25,'2016-10-21 05:34:30','2016-10-21 05:34:30','4.5 inches (~61.6% screen-to-body ratio)','480 x 854 pixels (~218 ppi pixel density)','IPS LCD capacitive touchscreen, 16M colors',1,'1 GB RAM','Mediatek MT6737M - K100\r\nQualcomm MSM8909 Snapdragon 210 - LS450','Removable Li-Ion','1940 mAh','GSM / CDMA / HSPA / EVDO / LTE','GSM 850 / 900 / 1800 / 1900 - SIM 1 & SIM 2 (dual-SIM model only)','HSDPA 850 / 900 / 1900 / 2100 - K100','LTE band 1(2100), 3(1800), 7(2600), 8(900), 20(800) - K100','Yes','Yes','2016, August','Available. Released Exp. release 2016, September','133.8 x 67.7 x 9.4 mm (5.27 x 2.67 x 0.37 in)','127 g (4.48 oz)','Single SIM (Micro-SIM) or Dual SIM (Micro-SIM, dual stand-by)','Android OS, v6.0 (Marshmallow)','1.1','Quad-core','Mali-T720MP2\r\nAdreno 304','microSD, up to 32 GB (dedicated slot)','8 GB',NULL,NULL,'720p@30fps','VGA','Vibration; MP3, WAV ringtones',1,NULL,'Wi-Fi 802.11 b/g/n, Wi-Fi Direct, hotspot','v4.1, A2DP, LE','Yes, with A-GPS',NULL,'Accelerometer','SMS(threaded view), MMS, Email, Push Mail, IM','HTML5',0,'Black/Dark BLue',20000,3000,NULL,'HSPA 21.1/5.76 Mbps, LTE Cat4 150/50 Mbps'),(79,79,26,'2016-10-21 05:34:30','2016-10-21 05:34:30','5.0 inches','1080 x 1920 pixels (~441 ppi pixel density)','IPS LCD capacitive touchscreen, 16M colors',1,'2 GB RAM','Qualcomm MSM8952 Snapdragon 617','Li-Ion 3240','mAh battery','GSM / HSPA / LTE','GSM 850 / 900 / 1800 / 1900 ',' HSDPA',' LTE','Yes','Yes','2016, August','Coming soon. Exp. release 2016, October','-','-','Yes','Android OS, v6.0 (Marshmallow)','(4x1.5','Octa-core','Adreno 405','No','32 GB',NULL,NULL,'1080p@30fps','5 MP','Vibration; MP3, WAV ringtones',1,NULL,'Wi-Fi 802.11 a/b/g/n/ac//r/k, dual-band, WiFi Direct, hotspot','v4.2, A2DP, LE','Yes, with A-GPS',NULL,'Accelerometer, proximity, compass','SMS(threaded view), MMS, Email, Push Email, IM','HTML5',0,'Black',20000,3000,'Yes','HSPA, LTE'),(80,80,10,'2016-10-21 05:34:30','2016-10-21 05:34:30','5.5 inches (~93.2% screen-to-body ratio)','720 x 1280 pixels (~233 ppi pixel density)','IPS LCD capacitive touchscreen, 16M colors',1,'3 GB RAM','Mediatek MT6735P','Non-removable Li-Ion','2500 mAh','GSM / HSPA / LTE','GSM 900 / 1800 / 1900 - SIM 1 & SIM 2','HSDPA 900 / 2100 ','LTE band 3(1800), 40(2300)','Yes','Yes','2016, August','Available. Released 2016, August','153 x 76.8 x 7.9 mm (6.02 x 3.02 x 0.31 in)','143 g (5.04 oz)','Dual SIM','Android OS, v6.0 (Marshmallow)','1.0','Quad-core','Mali-T720MP2','microSD, up to 32 GB (uses SIM 2 slot)','16 GB',NULL,NULL,'Yes','8 MP, f/2.2','Vibration; MP3, WAV ringtones',1,NULL,'Wi-Fi 802.11 b/g/n, hotspot','v4.0, A2DP','Yes, with A-GPS',NULL,'Accelerometer, proximity','SMS(threaded view), MMS, Email, Push Mail, IM','HTML5',0,'Gold, White, Black',20000,3000,NULL,'HSPA, LTE Cat4 150/50 Mbps'),(81,81,4,'2016-10-21 05:34:30','2016-10-21 05:34:30','5.0 inches (~69.3% screen-to-body ratio)','720 x 1280 pixels (~294 ppi pixel density)','Capacitive touchscreen, 16M colors',1,'3 GB RAM',NULL,'Li-Ion 2600','mAh battery','GSM / HSPA / LTE','GSM 850 / 900 / 1800 / 1900 - SIM 1 & SIM 2','HSDPA 850 / 900 / 1900 / 2100 ',' LTE','Yes','Yes','Not announced yet','Rumored','142.8 x 69.6 x 8.1 mm (5.62 x 2.74 x 0.32 in)','142 g (5.01 oz)','Dual SIM (Micro-SIM, dual stand-by)','Android OS, v6.0.1 (Marshmallow)',NULL,'Octa-core',NULL,'microSD, up to 256 GB (uses SIM 2 slot)','32 GB',NULL,NULL,'1080p@30fps','8 MP','Vibration; MP3, WAV ringtones',1,NULL,'Wi-Fi 802.11 b/g/n, Wi-Fi Direct, hotspot','v4.1, A2DP','Yes, with A-GPS, GLONASS/ BDS (region dependent)',NULL,'Accelerometer, proximity','SMS(threaded view), MMS, Email, Push Mail, IM','HTML5',0,'Gold',20000,3000,NULL,'HSPA, LTE Cat4 150/50 Mbps'),(82,82,4,'2016-10-21 05:34:30','2016-10-21 05:34:30','5.5 inches (~73.5% screen-to-body ratio)','1080 x 1920 pixels (~401 ppi pixel density)','Capacitive touchscreen, 16M colors',1,'3 GB RAM',NULL,'Li-Ion 3300','mAh battery','GSM / HSPA / LTE','GSM 850 / 900 / 1800 / 1900 - SIM 1 & SIM 2','HSDPA 850 / 900 / 1900 / 2100 ',' LTE','Yes','Yes','Not announced yet','Rumored','151.5 x 74.9 x 8 mm (5.96 x 2.95 x 0.31 in)','166.7 g (5.89 oz)','Dual SIM (Micro-SIM, dual stand-by)','Android OS, v6.0.1 (Marshmallow)',NULL,'Octa-core',NULL,'microSD, up to 256 GB (uses SIM 2 slot)','32 GB',NULL,NULL,'1080p@30fps','8 MP','Vibration; MP3, WAV ringtones',1,NULL,'Wi-Fi 802.11 b/g/n, Wi-Fi Direct, hotspot','v4.1, A2DP','Yes, with A-GPS, GLONASS/ BDS (region dependent)',NULL,'Accelerometer, proximity','SMS(threaded view), MMS, Email, Push Mail, IM','HTML5',0,'Gold',20000,3000,NULL,'HSPA, LTE Cat4 150/50 Mbps'),(83,83,12,'2016-10-21 05:34:30','2016-10-21 05:34:30','5.5 inches (~70.9% screen-to-body ratio)','1080 x 1920 pixels (~403 ppi pixel density)','IPS LCD capacitive touchscreen, 16M colors',1,'3 GB RAM','Mediatek MT6755 Helio P10','Non-removable 3100','mAh battery','GSM / HSPA / LTE','GSM 850 / 900 / 1800 / 1900 - SIM 1 & SIM 2',' HSDPA',' LTE','Yes','Yes','2016, August','Available. Released 2016, August','153.6 x 75.8 x 7.9 mm (6.05 x 2.98 x 0.31 in)','172 g (6.07 oz)','Dual SIM (Nano-SIM, dual stand-by)','Android OS, v5.1 (Lollipop)','(4x1.8','Octa-core','Mali-T860MP2','microSD, up to 256 GB','32 GB',NULL,NULL,'1080p@30fps','5 MP, f/2.0','Vibration; MP3, WAV ringtones',1,NULL,'Wi-Fi 802.11 a/b/g/n, dual-band, hotspot','v4.1, A2DP, LE','Yes, with A-GPS',NULL,'Fingerprint, accelerometer, gyro, proximity, compass','SMS(threaded view), MMS, Email, Push Mail, IM','HTML5',0,'Blue, Gold, Gray, Pink, Silver',20000,3000,NULL,'HSPA, LTE'),(84,84,20,'2016-10-21 05:34:30','2016-10-21 05:34:30','5.0 inches','1080 x 1920 pixels (~441 ppi pixel density)','IPS LCD capacitive touchscreen, 16M colors',1,'3 GB RAM','Qualcomm MSM8953 Snapdragon 625','Non-removable Li-Ion','4100 mAh','GSM / HSPA / LTE','GSM 850 / 900 / 1800 / 1900 - SIM 1 & SIM 2','HSDPA 900 / 2100 ',' LTE','Yes','Yes','Not announced yet','Rumored','-','-','Dual SIM','Android OS, v6.0.1 (Marshmallow)','2.0','Octa-core','Adreno 506','microSD, up to 256 GB (uses SIM 2 slot)','32 GB',NULL,NULL,'1080p@30fps','5 MP, f/2.2, 1080p','Vibration; MP3, WAV ringtones',1,NULL,'Wi-Fi 802.11 b/g/n, Wi-Fi Direct, hotspot','v4.1, A2DP','Yes, with A-GPS, GLONASS, BDS',NULL,'Fingerprint, accelerometer, gyro, proximity, compass','SMS(threaded view), MMS, Email, Push Mail, IM','HTML5',0,'Gold, Dark Gray, Silver',20000,3000,NULL,'HSPA, LTE Cat7'),(85,85,24,'2016-10-21 05:34:30','2016-10-21 05:34:30','4.5 inches (~61.3% screen-to-body ratio)','480 x 854 pixels (~218 ppi pixel density)','IPS LCD capacitive touchscreen, 16M colors',1,'1 GB RAM','Qualcomm MSM8916 Snapdragon 410','Removable Li-Po','2070 mAh','GSM / HSPA / LTE','GSM 850 / 900 / 1800 / 1900 - SIM 1 & SIM 2','HSDPA 850 / 900 / 2100 - Global, India','LTE band 1(2100), 3(1800), 5(850), 7(2600), 8(900) - Global','Yes','Yes','2016, July','Available. Released 2016, August','136.5 x 66.7 x 11.2 mm (5.37 x 2.63 x 0.44 in)','135 g (4.76 oz)','Dual SIM (Micro-SIM/Nano-SIM, dual stand-by)','Android OS, v6.0 (Marshmallow)','1.2','Quad-core','Adreno 306','microSD, up to 256 GB (uses SIM 2 slot)','8 GB',NULL,NULL,'Yes','2 MP, f/2.4','Vibration; MP3, WAV ringtones',1,NULL,'Wi-Fi 802.11 b/g/n, Wi-Fi Direct, hotspot','v4.0, A2DP, EDR','Yes, with A-GPS, GLONASS, BDS',NULL,'Accelerometer, proximity, compass','SMS(threaded view), MMS, Email, Push Email, IM','HTML',0,'Glacier Grey/Silver, Blue/Sheer Gold, Charcoal Black, Pearl White, Glamor Red, Lemon Yellow',20000,3000,NULL,'HSPA 21.1/5.76 Mbps, LTE Cat4 150/50 Mbps'),(86,86,27,'2016-10-21 05:34:31','2016-10-21 05:34:31','5.0 inches','480 x 854 pixels (~196 ppi pixel density)','IPS LCD capacitive touchscreen, 16M colors',1,'1 GB RAM','Spreadtrum SC7731G','Li-Ion 2000','mAh battery','GSM / HSPA','GSM 900 / 1800 - SIM 1 & SIM 2','HSDPA 900 / 2100 ',NULL,'Yes','Yes','2016, July','Available. Released 2016, July','-','-','Dual SIM (Micro-SIM/ Mini-SIM, dual stand-by)','Android OS, v5.1 (Lollipop)','1.3','Quad-core',NULL,'microSD, up to 32 GB','8 GB',NULL,NULL,'720p','VGA','Vibration; MP3, WAV ringtones',1,NULL,'Yes','Yes','Yes, with A-GPS',NULL,'Accelerometer','SMS(threaded view), MMS, Email, Push Email, IM','HTML5',0,'Black',20000,3000,NULL,'HSPA'),(87,87,27,'2016-10-21 05:34:31','2016-10-21 05:34:31','6.0 inches','540 x 960 pixels (~184 ppi pixel density)','IPS LCD capacitive touchscreen, 16M colors',1,'1 GB RAM','Spreadtrum SC9832','Li-Ion 3000','mAh battery','GSM / HSPA / LTE','GSM 850 / 900 / 1800 / 1900 - SIM 1 & SIM 2','HSDPA 900 / 2100 ','LTE band 3(1800), 5(850), 40(2300)','Yes','Yes','2016, August','Available. Released 2016, August','-','-','Dual SIM (Micro-SIM, dual stand-by)','Android OS, v5.1 (Lollipop)','1.3','Quad-core',NULL,'microSD, up to 32 GB','8 GB',NULL,NULL,'720p@30fps','5 MP','Vibration; MP3, WAV ringtones',1,NULL,'Yes','Yes','Yes, with A-GPS',NULL,'Accelerometer, proximity','SMS(threaded view), MMS, Email, Push Email, IM','HTML5',0,'Black',20000,3000,NULL,'HSPA, LTE Cat4 150/50 Mbps'),(88,88,27,'2016-10-21 05:34:31','2016-10-21 05:34:31','5.0 inches','480 x 854 pixels (~196 ppi pixel density)','IPS LCD capacitive touchscreen, 16M colors',1,'1 GB RAM','Mediatek MT6580M','Li-Ion 2000','mAh battery','GSM / HSPA','GSM 850 / 900 / 1800 / 1900 - SIM 1 & SIM 2','HSDPA 900 / 2100 ',NULL,'Yes','Yes','2016, July','Available. Released 2016, July','-','-','Dual SIM','Android OS, v6.0 (Marshmallow)','1.3','Quad-core','Mali-400MP2','microSD, up to 32 GB','8 GB',NULL,NULL,'720p@30fps','2 MP','Vibration; MP3, WAV ringtones',1,NULL,'Wi-Fi 802.11 b/g/n, hotspot','v4.0','Yes, with A-GPS',NULL,'Accelerometer, proximity','SMS(threaded view), MMS, Email, IM','HTML',0,'Gray, Copper Gold, Champagne Gold',20000,3000,NULL,'HSPA 21.1/5.76 Mbps'),(89,89,27,'2016-10-21 05:34:31','2016-10-21 05:34:31','5.0 inches','720 x 1280 pixels (~294 ppi pixel density)','IPS LCD capacitive touchscreen, 16M colors',1,'1 GB RAM','Spreadtrum SC7731','Li-Ion 2500','mAh battery','GSM / HSPA','GSM 850 / 900 / 1800 / 1900 - SIM 1 & SIM 2','HSDPA 900 / 2100 ',NULL,'Yes','Yes','2016, July','Available. Released 2016, July','-','-','Dual SIM (Micro-SIM, dual stand-by)','Android OS, v5.1 (Lollipop)','1.3','Quad-core',NULL,'microSD, up to 32 GB','8 GB',NULL,NULL,'1080p','5 MP','Vibration; MP3, WAV ringtones',1,NULL,'Wi-Fi 802.11 b/g/n, hotspot','v4.0','Yes, with A-GPS',NULL,'Accelerometer','SMS(threaded view), MMS, Email, IM','HTML',0,'Black',20000,3000,NULL,'HSPA 21.1/5.76 Mbps'),(90,90,27,'2016-10-21 05:34:31','2016-10-21 05:34:31','5.0 inches','720 x 1280 pixels (~294 ppi pixel density)','IPS LCD capacitive touchscreen, 16M colors',1,'2 GB RAM','Qualcomm MSM8929 Snapdragon 415','Removable Li-Po','2500 mAh','GSM / HSPA / LTE','GSM 850 / 900 / 1800 / 1900 - SIM 1 & SIM 2','HSDPA 900 / 2100 ',' LTE 1800 / 2100 / 2300','Yes','Yes','2016, July','Available. Released 2016, July','-','-','Dual SIM','Android OS, v5.0.2 (Lollipop)','(4x1.4','Octa-core','Adreno 405','microSD, up to 32 GB','16 GB',NULL,NULL,'1080p@30fps','5 MP','Vibration; MP3, WAV ringtones',1,NULL,'Wi-Fi 802.11 b/g/n, hotspot','v4.0, A2DP','Yes, with A-GPS',NULL,'Accelerometer, proximity, compass','SMS(threaded view), MMS, Email, Push Email, IM','HTML5',0,'Black',20000,3000,'Corning Gorilla Glass 3','HSPA 42.2/11.5 Mbps, LTE Cat4 150/50 Mbps'),(91,91,7,'2016-10-21 05:34:31','2016-10-21 05:34:31','5.0 inches (~65.8% screen-to-body ratio)','720 x 1280 pixels (~294 ppi pixel density)','LCD capacitive touchscreen, 16M colors',1,'1 GB RAM','Mediatek MT6580','Removable Li-Po','3000 mAh','GSM / HSPA','GSM 850 / 900 / 1800 / 1900 - SIM 1 & SIM 2','HSDPA 850 / 1700(AWS) / 1900 / 2100 - S270Q',NULL,'Yes','Yes','2016, August','Available. Released 2016, August','144.4 x 72.5 x 8.5 mm (5.69 x 2.85 x 0.33 in)','152 g (5.36 oz)','Dual SIM (Micro-SIM, dual stand-by)','Android OS, v6.0 (Marshmallow)','1.3','Quad-core','Mali-400','microSD, up to 64 GB','8 GB',NULL,NULL,'1080p@30fps','8 MP','Vibration; MP3, WAV ringtones',1,NULL,'Wi-Fi 802.11 b/g/n, Wi-Fi Direct, hotspot','v4.0','Yes, with A-GPS',NULL,'Accelerometer, proximity','SMS(threaded view), MMS, Email, Push Email, IM','HTML5',0,'Blue, Rose Gold, Bronze',20000,3000,NULL,'HSPA 21.1/5.76 Mbps'),(92,92,7,'2016-10-21 05:34:31','2016-10-21 05:34:31','5.0 inches (~65.8% screen-to-body ratio)','720 x 1280 pixels (~294 ppi pixel density)','LCD capacitive touchscreen, 16M colors',1,'1 GB RAM','Mediatek MT6735','Removable Li-Po','3000 mAh','GSM / HSPA / LTE','GSM 850 / 900 / 1800 / 1900 - SIM 1 & SIM 2','HSDPA 850 / 1700(AWS) / 1900 / 2100 ','LTE band 2(1900), 4(1700/2100), 7(2600), 12(700), 17(700)','Yes','Yes','2016, August','Available. Released 2016, August','144.4 x 72.5 x 8.5 mm (5.69 x 2.85 x 0.33 in)','143 g (5.04 oz)','Dual SIM (Micro-SIM, dual stand-by)','Android OS, v6.0 (Marshmallow)','1.0','Quad-core','Mali-T720','microSD, up to 64 GB','8 GB',NULL,NULL,'1080p@30fps','8 MP','Vibration; MP3, WAV ringtones',1,NULL,'Wi-Fi 802.11 b/g/n, Wi-Fi Direct, hotspot','v4.0','Yes, with A-GPS',NULL,'Accelerometer, proximity','SMS(threaded view), MMS, Email, Push Email, IM','HTML5',0,'Black',20000,3000,NULL,'HSPA 21.1/5.76 Mbps, LTE Cat4 150/50 Mbps'),(93,93,7,'2016-10-21 05:34:31','2016-10-21 05:34:31','5.0 inches (~78.2% screen-to-body ratio)','480 x 854 pixels (~196 ppi pixel density)','LCD capacitive touchscreen, 16M colors',1,'1 GB RAM','Mediatek MT6735','Removable Li-Po','2500 mAh','GSM / HSPA / LTE','GSM 850 / 900 / 1800 / 1900 - SIM 1 & SIM 2','HSDPA 850 / 1700(AWS) / 1900 / 2100 ','LTE band 2(1900), 4(1700/2100), 7(2600), 12(700), 17(700)','Yes','Yes','2016, August','Available. Released 2016, August','133.8 x 65.8 x 10.8 mm (5.27 x 2.59 x 0.43 in)','122 g (4.30 oz)','Dual SIM (Micro-SIM, dual stand-by)','Android OS, v6.0 (Marshmallow)','1.0','Quad-core','Mali-T720','microSD, up to 64 GB','8 GB',NULL,NULL,'720@30fps','2 MP','Vibration; MP3, WAV ringtones',1,NULL,'Wi-Fi 802.11 b/g/n, Wi-Fi Direct, hotspot','v4.0','Yes, with A-GPS',NULL,'Accelerometer, proximity','SMS(threaded view), MMS, Email, Push Email, IM','HTML5',0,'Black',20000,3000,NULL,'HSPA 21.1/5.76 Mbps, LTE Cat4 150/50 Mbps'),(94,94,7,'2016-10-21 05:34:31','2016-10-21 05:34:31','5.0 inches (~64.2% screen-to-body ratio)','480 x 854 pixels (~196 ppi pixel density)','LCD capacitive touchscreen, 16M colors',1,'1 GB RAM','Mediatek MT6580','Removable Li-Po','4000 mAh','GSM / HSPA','GSM 850 / 900 / 1800 / 1900 - SIM 1 & SIM 2','HSDPA 850 / 1700(AWS) / 1900 - E110U',NULL,'Yes','Yes','2016, August','Available. Released 2016, August','146.5 x 73.2 x 10.5 mm (5.77 x 2.88 x 0.41 in)','136 g (4.80 oz)','Dual SIM (Micro-SIM, dual stand-by)','Android OS, v6.0 (Marshmallow)','1.3','Quad-core','Mali-400','microSD, up to 64 GB','8 GB',NULL,NULL,'720@30fps','2 MP, LED flash','Vibration; MP3, WAV ringtones',1,NULL,'Wi-Fi 802.11 b/g/n, Wi-Fi Direct, hotspot','v4.0','Yes, with A-GPS',NULL,'Accelerometer, proximity','SMS(threaded view), MMS, Email, Push Email, IM','HTML5',0,'Grey, White, Pink, Gold, Blue',20000,3000,NULL,'HSPA 21.1/5.76 Mbps'),(95,95,7,'2016-10-21 05:34:31','2016-10-21 05:34:31','5.0 inches (~65.3% screen-to-body ratio)','480 x 854 pixels (~196 ppi pixel density)','LCD capacitive touchscreen, 16M colors',1,'1 GB RAM','Mediatek MT6580','Removable Li-Po','4000 mAh','GSM / HSPA','GSM 850 / 900 / 1800 / 1900 - SIM 1 & SIM 2','HSDPA 850 / 1700(AWS) / 1900 - E130U',NULL,'Yes','Yes','2016, August','Available. Released 2016, August','147.5 x 71.5 x 12.7 mm (5.81 x 2.81 x 0.5 in)','184 g (6.49 oz)','Dual SIM (Micro-SIM, dual stand-by)','Android OS, v6.0 (Marshmallow)','1.3','Quad-core','Mali-400','microSD, up to 64 GB','8 GB',NULL,NULL,'720@30fps','2 MP, LED flash','Vibration; MP3, WAV ringtones',1,NULL,'Wi-Fi 802.11 b/g/n, Wi-Fi Direct, hotspot','v4.0','Yes, with A-GPS',NULL,'Accelerometer, proximity','SMS(threaded view), MMS, Email, Push Email, IM','HTML5',0,'Grey, White, Pink, Gold, Blue',20000,3000,NULL,'HSPA 21.1/5.76 Mbps'),(96,96,7,'2016-10-21 05:34:31','2016-10-21 05:34:31','5.0 inches (~66.7% screen-to-body ratio)','480 x 854 pixels (~196 ppi pixel density)','LCD capacitive touchscreen, 16M colors',1,'512 MB RAM','Mediatek MT6580','Removable Li-Po','2200 mAh','GSM / HSPA','GSM 850 / 900 / 1800 / 1900 - SIM 1 & SIM 2','HSDPA 850 / 1700(AWS) / 1900 - D210U',NULL,'Yes','Yes','2016, August','Available. Released 2016, August','144.5 x 71.5 x 12 mm (5.69 x 2.81 x 0.47 in)','162 g (5.71 oz)','Dual SIM (Micro-SIM, dual stand-by)','Android OS, v6.0 (Marshmallow)','1.3','Quad-core','Mali-400','microSD, up to 64 GB','4 GB',NULL,NULL,'720@30fps','2 MP','Vibration; MP3, WAV ringtones',1,NULL,'Wi-Fi 802.11 b/g/n, Wi-Fi Direct, hotspot','v4.0','Yes, with A-GPS',NULL,'Accelerometer, proximity','SMS(threaded view), MMS, Email, Push Email, IM','HTML5',0,'Grey, White, Pink, Gold, Blue',20000,3000,NULL,'HSPA 21.1/5.76 Mbps'),(97,97,20,'2016-10-21 05:34:31','2016-10-21 05:34:31','5.0 inches (~71.1% screen-to-body ratio)','720 x 1280 pixels (~294 ppi pixel density)','IPS LCD capacitive touchscreen, 16M colors',1,'3 GB RAM','Qualcomm MSM8937 Snapdragon 430','Non-removable Li-Ion','4100 mAh','GSM / HSPA / LTE','GSM 900 / 1800 - SIM 1 & SIM 2','HSDPA 900 / 2100 ','LTE band 3(1800), 5(850), 40(2300) - India','Yes','Yes','2016, August','Available. Released 2016, August','139.3 x 69.6 x 8.5 mm (5.48 x 2.74 x 0.33 in)','144 g (5.08 oz)','Dual SIM (Micro-SIM/Nano-SIM, dual stand-by)','Android OS, v6.0.1 (Marshmallow)','1.4','Octa-core','Adreno 505','microSD, up to 256 GB (uses SIM 2 slot)','32 GB',NULL,NULL,'1080p@30fps','5 MP, f/2.2, 1080p','Vibration; MP3, WAV ringtones',1,NULL,'Wi-Fi 802.11 b/g/n, Wi-Fi Direct, hotspot','v4.1, A2DP','Yes, with A-GPS, GLONASS, BDS',NULL,'Fingerprint, accelerometer, gyro, proximity, compass','SMS(threaded view), MMS, Email, Push Mail, IM','HTML5',0,'Gold, Dark Gray, Silver',20000,3000,NULL,'HSPA, LTE'),(98,98,28,'2016-10-21 05:34:31','2016-10-21 05:34:31','5.5 inches (~71.4% screen-to-body ratio)','1080 x 1920 pixels (~401 ppi pixel density)','IPS LCD capacitive touchscreen, 16M colors',1,'3 GB RAM','Mediatek MT6753','Non-removable Li-Po','3150 mAh','GSM / HSPA / LTE','GSM 850 / 900 / 1800 / 1900 - SIM 1 & SIM 2','HSDPA 900 / 1900 / 2100 ','LTE band 1(2100), 3(1800), 7(2600), 20(800), 38(2600), 39(1900), 40(2300), 41(2500)','Class 12','Class 10','2016, June','Available. Released 2016, June','154.5 x 75.6 x 8.2 mm (6.08 x 2.98 x 0.32 in)','162.2 g (5.71 oz)','Dual SIM (Micro-SIM/Nano-SIM, dual stand-by)','Android OS, v6.0 (Marshmallow)','1.3','Octa-core','Mali-T720','microSD, up to 256 GB (uses SIM 2 slot)','32 GB',NULL,NULL,'1080p@30fps','8 MP','Vibration; MP3, WAV ringtones',1,NULL,'Wi-Fi 802.11 b/g/n, hotspot','v4.0, A2DP, EDR','Yes, with A-GPS',NULL,'Accelerometer, proximity','SMS(threaded view), MMS, Email, Push Mail, IM','HTML5',0,'Mocha Gold',20000,3000,'Corning Gorilla Glass 3','HSPA 21.1/5.76 Mbps, LTE Cat4 150/50 Mbps'),(99,99,28,'2016-10-21 05:34:31','2016-10-21 05:34:31','5.5 inches (~72.4% screen-to-body ratio)','1080 x 1920 pixels (~401 ppi pixel density)','IPS LCD capacitive touchscreen, 16M colors',1,'4 GB RAM','Mediatek MT6755 Helio P10','Non-removable Li-Po','3130 mAh','GSM / HSPA / LTE','GSM 850 / 900 / 1800 / 1900 - SIM 1 & SIM 2','HSDPA 900 / 1900 / 2100 ','LTE band 1(2100), 3(1800), 7(2600), 20(800), 38(2600), 39(1900), 40(2300), 41(2500)','Class 12','Class 10','2016, July','Available. Released 2016, July','153 x 75.3 x 7.6 mm (6.02 x 2.96 x 0.30 in)','175 g (6.17 oz)','Dual SIM (Micro-SIM/Nano-SIM, dual stand-by)','Android OS, v6.0 (Marshmallow)','(4x1.8','Octa-core','Mali-T860MP2','microSD, up to 256 GB (uses SIM 2 slot)','32 GB',NULL,NULL,'1080p@30fps','8 MP','Vibration; MP3, WAV ringtones',1,NULL,'Wi-Fi 802.11 b/g/n, hotspot','v4.0, A2DP, EDR','Yes, with A-GPS',NULL,'Fingerprint, accelerometer, gyro, proximity, compass','SMS(threaded view), MMS, Email, Push Mail, IM','HTML5',0,'Gold',20000,3000,'Corning Gorilla Glass 3','HSPA 21.1/5.76 Mbps, LTE Cat6 300/50 Mbps'),(100,100,28,'2016-10-21 05:34:31','2016-10-21 05:34:31','5.0 inches (~67.2% screen-to-body ratio)','720 x 1280 pixels (~294 ppi pixel density)','IPS LCD capacitive touchscreen, 16M colors',1,'3 GB RAM','Mediatek MT6735','Removable Li-Po','2400 mAh','GSM / HSPA / LTE','GSM 850 / 900 / 1800 / 1900 - SIM 1 & SIM 2','HSDPA 900 / 1900 / 2100 ','LTE band 1(2100), 3(1800), 7(2600), 20(800), 38(2600), 39(1900), 40(2300), 41(2500)','Class 12','Class 10','2016, June','Available. Released 2016, June','145.3 x 70.6 x 8.5 mm (5.72 x 2.78 x 0.33 in)','142.7 g (5.04 oz)','Dual SIM (Micro-SIM, dual stand-by)','Android OS, v6.0 (Marshmallow)','1.3','Quad-core','Mali-T720','microSD, up to 256 GB (uses SIM 2 slot)','16 GB',NULL,NULL,'1080p@30fps','5 MP','Vibration; MP3, WAV ringtones',1,NULL,'Wi-Fi 802.11 b/g/n, hotspot','v4.0, A2DP, EDR','Yes, with A-GPS',NULL,'Accelerometer, proximity','SMS(threaded view), MMS, Email, Push Mail, IM','HTML5',0,'Gold, Gray',20000,3000,'Asahi Dragontrail Glass','HSPA 21.1/5.76 Mbps, LTE Cat4 150/50 Mbps');
/*!40000 ALTER TABLE `phone_details` ENABLE KEYS */;
UNLOCK TABLES;

--
-- Table structure for table `phones`
--

DROP TABLE IF EXISTS `phones`;
/*!40101 SET @saved_cs_client     = @@character_set_client */;
/*!40101 SET character_set_client = utf8 */;
CREATE TABLE `phones` (
  `id` int(11) NOT NULL AUTO_INCREMENT,
  `name` varchar(255) DEFAULT NULL,
  `alias_name` varchar(255) DEFAULT NULL,
  `brand_id` int(11) DEFAULT NULL,
  `release_date` datetime DEFAULT NULL,
  `created_at` datetime NOT NULL,
  `updated_at` datetime NOT NULL,
  `image_file_name` varchar(255) DEFAULT NULL,
  `image_content_type` varchar(255) DEFAULT NULL,
  `image_file_size` int(11) DEFAULT NULL,
  `image_updated_at` datetime DEFAULT NULL,
  PRIMARY KEY (`id`),
  KEY `index_phones_on_brand_id` (`brand_id`)
) ENGINE=InnoDB AUTO_INCREMENT=101 DEFAULT CHARSET=utf8;
/*!40101 SET character_set_client = @saved_cs_client */;

--
-- Dumping data for table `phones`
--

LOCK TABLES `phones` WRITE;
/*!40000 ALTER TABLE `phones` DISABLE KEYS */;
INSERT INTO `phones` VALUES (1,'Google Pixel','Google Pixel',1,NULL,'2016-10-21 05:16:33','2016-10-21 05:16:33',NULL,NULL,NULL,NULL),(2,'Google Pixel XL','Google Pixel XL',1,NULL,'2016-10-21 05:16:33','2016-10-21 05:16:33',NULL,NULL,NULL,NULL),(3,'LeEco Le Pro3','LeEco Le Pro3',2,NULL,'2016-10-21 05:16:33','2016-10-21 05:16:33',NULL,NULL,NULL,NULL),(4,'Nokia 216','Nokia 216',3,NULL,'2016-10-21 05:16:34','2016-10-21 05:16:34',NULL,NULL,NULL,NULL),(5,'Samsung Galaxy J5 Prime','Samsung Galaxy J5 Prime',4,'2016-10-27 04:44:00','2016-10-21 05:16:34','2016-10-27 04:45:46','samsung-galaxy-j7-prime.jpg','image/jpeg',6811,'2016-10-27 04:45:46'),(6,'Lava A97','Lava A97',5,NULL,'2016-10-21 05:16:34','2016-10-21 05:16:34',NULL,NULL,NULL,NULL),(7,'Lava X28','Lava X28',5,NULL,'2016-10-21 05:16:34','2016-10-21 05:16:34',NULL,NULL,NULL,NULL),(8,'XOLO Era 1X','XOLO Era 1X',6,NULL,'2016-10-21 05:16:34','2016-10-21 05:16:34',NULL,NULL,NULL,NULL),(9,'BLU Vivo 5R','BLU Vivo 5R',7,NULL,'2016-10-21 05:16:34','2016-10-21 05:16:34',NULL,NULL,NULL,NULL),(10,'Motorola Moto E3 Power','Motorola Moto E3 Power',8,'2016-10-28 06:28:00','2016-10-21 05:16:34','2016-10-28 06:28:19','motorola-moto-e3.jpg','image/jpeg',8515,'2016-10-28 06:28:19'),(11,'Samsung Galaxy A3 (2017)','Samsung Galaxy A3 (2017)',4,'2016-10-27 04:46:00','2016-10-21 05:16:34','2016-10-27 04:46:08','samsung-galaxy-a3-2016.jpg','image/jpeg',10464,'2016-10-27 04:46:08'),(12,'Samsung Galaxy A7 (2017)','Samsung Galaxy A7 (2017)',4,'2016-10-27 04:46:00','2016-10-21 05:16:34','2016-10-27 04:46:21','samsung-galaxy-a7-2016.jpg','image/jpeg',9992,'2016-10-27 04:46:21'),(13,'Apple Watch Series 1 Sport 42mm','Apple Watch Series 1 Sport 42mm',9,'2016-10-28 06:17:00','2016-10-21 05:16:34','2016-10-28 06:18:36','apple-watch1-sport-42mm.jpg','image/jpeg',6762,'2016-10-28 06:18:34'),(14,'Apple Watch Series 1 Sport 38mm','Apple Watch Series 1 Sport 38mm',9,'2016-10-28 06:17:00','2016-10-21 05:16:34','2016-10-28 06:19:05','apple-watch2-s2-sport-38mm_(1).jpg','image/jpeg',7079,'2016-10-28 06:19:05'),(15,'Apple Watch Edition Series 2 38mm','Apple Watch Edition Series 2 38mm',9,'2016-10-28 06:17:00','2016-10-21 05:16:34','2016-10-28 06:19:19','apple-watch2-s2-sport-38mm.jpg','image/jpeg',7079,'2016-10-28 06:19:18'),(16,'Apple Watch Edition Series 2 42mm','Apple Watch Edition Series 2 42mm',9,'2016-10-28 06:17:00','2016-10-21 05:16:34','2016-10-28 06:19:34','apple-watch2-s2-42mm.jpg','image/jpeg',9644,'2016-10-28 06:19:34'),(17,'Apple Watch Series 2 38mm','Apple Watch Series 2 38mm',9,'2016-10-28 06:17:00','2016-10-21 05:16:34','2016-10-28 06:19:46','apple-watch2-s2-edition-38mm.jpg','image/jpeg',4795,'2016-10-28 06:19:46'),(18,'Apple Watch Series 2 42mm','Apple Watch Series 2 42mm',9,'2016-10-28 06:17:00','2016-10-21 05:16:34','2016-10-28 06:19:54','apple-watch2-s2-sport-42mm.jpg','image/jpeg',9158,'2016-10-28 06:19:54'),(19,'Apple Watch Series 2 Sport 42mm','Apple Watch Series 2 Sport 42mm',9,'2016-10-28 06:17:00','2016-10-21 05:16:34','2016-10-28 06:20:08','apple-watch2-s2-42mm.jpg','image/jpeg',9644,'2016-10-28 06:20:07'),(20,'Apple Watch Series 2 Sport 38mm','Apple Watch Series 2 Sport 38mm',9,'2016-10-28 06:17:00','2016-10-21 05:16:34','2016-10-28 06:20:14','apple-watch2-s2-38mm.jpg','image/jpeg',8880,'2016-10-28 06:20:14'),(21,'Coolpad Modena 2','Coolpad Modena 2',10,NULL,'2016-10-21 05:16:35','2016-10-21 05:16:35',NULL,NULL,NULL,NULL),(22,'Yezz Andy 5EI3 (2016)','Yezz Andy 5EI3 (2016)',11,NULL,'2016-10-21 05:16:35','2016-10-21 05:16:35',NULL,NULL,NULL,NULL),(23,'BLU Studio M LTE','BLU Studio M LTE',7,NULL,'2016-10-21 05:16:35','2016-10-21 05:16:35',NULL,NULL,NULL,NULL),(24,'BLU Studio G2','BLU Studio G2',7,NULL,'2016-10-21 05:16:35','2016-10-21 05:16:35',NULL,NULL,NULL,NULL),(25,'BLU Studio G HD LTE','BLU Studio G HD LTE',7,NULL,'2016-10-21 05:16:35','2016-10-21 05:16:35',NULL,NULL,NULL,NULL),(26,'Meizu m3 Max','Meizu m3 Max',12,NULL,'2016-10-21 05:16:35','2016-10-21 05:16:35',NULL,NULL,NULL,NULL),(27,'Lenovo A Plus','Lenovo A Plus',13,NULL,'2016-10-21 05:16:35','2016-10-21 05:16:35',NULL,NULL,NULL,NULL),(28,'Lenovo P2','Lenovo P2',13,NULL,'2016-10-21 05:16:35','2016-10-21 05:16:35',NULL,NULL,NULL,NULL),(29,'Lenovo K6 Note','Lenovo K6 Note',13,NULL,'2016-10-21 05:16:35','2016-10-21 05:16:35',NULL,NULL,NULL,NULL),(30,'Lenovo K6 Power','Lenovo K6 Power',13,NULL,'2016-10-21 05:16:35','2016-10-21 05:16:35',NULL,NULL,NULL,NULL),(31,'Lenovo K6','Lenovo K6',13,NULL,'2016-10-21 05:16:35','2016-10-21 05:16:35',NULL,NULL,NULL,NULL),(32,'Huawei MediaPad M3 8.4','Huawei MediaPad M3 8.4',14,NULL,'2016-10-21 05:16:35','2016-10-21 05:16:35',NULL,NULL,NULL,NULL),(33,'Samsung Galaxy J7 Prime','Samsung Galaxy J7 Prime',4,'2016-10-27 04:46:00','2016-10-21 05:16:35','2016-10-27 04:46:37','samsung-galaxy-j7-prime.jpg','image/jpeg',6811,'2016-10-27 04:46:37'),(34,'Sony Xperia XZ','Sony Xperia XZ',15,NULL,'2016-10-21 05:16:35','2016-10-21 05:16:35',NULL,NULL,NULL,NULL),(35,'Huawei nova plus','Huawei nova plus',14,NULL,'2016-10-21 05:16:35','2016-10-21 05:16:35',NULL,NULL,NULL,NULL),(36,'Lenovo Yoga Tab 3 Plus','Lenovo Yoga Tab 3 Plus',13,NULL,'2016-10-21 05:16:35','2016-10-21 05:16:35',NULL,NULL,NULL,NULL),(37,'Motorola Moto Z Play','Motorola Moto Z Play',8,'2016-10-28 06:28:00','2016-10-21 05:16:36','2016-10-28 06:28:33','motorola-moto-z-play.jpg','image/jpeg',7361,'2016-10-28 06:28:33'),(38,'Samsung Gear S3 classic','Samsung Gear S3 classic',4,'2016-10-27 04:46:00','2016-10-21 05:16:36','2016-10-27 04:46:49','samsung-gear-s3-classic.jpg','image/jpeg',11086,'2016-10-27 04:46:49'),(39,'Samsung Gear S3 frontier','Samsung Gear S3 frontier',4,'2016-10-27 04:46:00','2016-10-21 05:16:36','2016-10-27 04:47:00','samsung-gear-s3-frontier-lte.jpg','image/jpeg',10542,'2016-10-27 04:46:59'),(40,'Samsung Gear S3 frontier LTE','Samsung Gear S3 frontier LTE',4,'2016-10-27 04:47:00','2016-10-21 05:16:36','2016-10-27 04:47:22','samsung-gear-s3-frontier-lte.jpg','image/jpeg',10542,'2016-10-27 04:47:22'),(41,'Acer Iconia Talk S','Acer Iconia Talk S',16,NULL,'2016-10-21 05:16:36','2016-10-21 05:16:36',NULL,NULL,NULL,NULL),(42,'Acer Liquid Z6 Plus','Acer Liquid Z6 Plus',16,NULL,'2016-10-21 05:16:36','2016-10-21 05:16:36',NULL,NULL,NULL,NULL),(43,'Acer Liquid Z6','Acer Liquid Z6',16,NULL,'2016-10-21 05:16:36','2016-10-21 05:16:36',NULL,NULL,NULL,NULL),(44,'Huawei MediaPad T2 10.0 Pro','Huawei MediaPad T2 10.0 Pro',14,NULL,'2016-10-21 05:16:36','2016-10-21 05:16:36',NULL,NULL,NULL,NULL),(45,'Huawei MediaPad T2 7.0 Pro','Huawei MediaPad T2 7.0 Pro',14,NULL,'2016-10-21 05:16:36','2016-10-21 05:16:36',NULL,NULL,NULL,NULL),(46,'Huawei MediaPad T2 7.0','Huawei MediaPad T2 7.0',14,NULL,'2016-10-21 05:16:36','2016-10-21 05:16:36',NULL,NULL,NULL,NULL),(47,'ZTE Warp 7','ZTE Warp 7',17,NULL,'2016-10-21 05:16:36','2016-10-21 05:16:36',NULL,NULL,NULL,NULL),(48,'Motorola Moto M','Motorola Moto M',8,'2016-10-28 06:28:00','2016-10-21 05:16:36','2016-10-28 06:28:39','motorola-moto-z.jpg','image/jpeg',9057,'2016-10-28 06:28:39'),(49,'alcatel Fierce 4','alcatel Fierce 4',18,NULL,'2016-10-21 05:16:36','2016-10-21 05:16:36',NULL,NULL,NULL,NULL),(50,'HTC One A9s','HTC One A9s',19,NULL,'2016-10-21 05:16:36','2016-10-21 05:16:36',NULL,NULL,NULL,NULL),(51,'BLU Pure XR','BLU Pure XR',7,NULL,'2016-10-21 05:16:36','2016-10-21 05:16:36',NULL,NULL,NULL,NULL),(52,'ZTE Blade A452','ZTE Blade A452',17,NULL,'2016-10-21 05:16:36','2016-10-21 05:16:36',NULL,NULL,NULL,NULL),(53,'ZTE Blade A610','ZTE Blade A610',17,NULL,'2016-10-21 05:16:37','2016-10-21 05:16:37',NULL,NULL,NULL,NULL),(54,'ZTE Blade A512','ZTE Blade A512',17,NULL,'2016-10-21 05:16:37','2016-10-21 05:16:37',NULL,NULL,NULL,NULL),(55,'Sony Xperia X Compact','Sony Xperia X Compact',15,NULL,'2016-10-21 05:16:37','2016-10-21 05:16:37',NULL,NULL,NULL,NULL),(56,'Xiaomi Redmi Note 4','Xiaomi Redmi Note 4',20,NULL,'2016-10-21 05:16:37','2016-10-21 05:16:37',NULL,NULL,NULL,NULL),(57,'ZTE Axon Max 2','ZTE Axon Max 2',17,NULL,'2016-10-21 05:16:37','2016-10-21 05:16:37',NULL,NULL,NULL,NULL),(58,'Gionee S6s','Gionee S6s',21,NULL,'2016-10-21 05:16:37','2016-10-21 05:16:37',NULL,NULL,NULL,NULL),(59,'Samsung Z2','Samsung Z2',4,'2016-10-27 04:47:00','2016-10-21 05:16:37','2016-10-27 04:47:36','samsung-z2.jpg','image/jpeg',8600,'2016-10-27 04:47:36'),(60,'YU Yunique Plus','YU Yunique Plus',22,NULL,'2016-10-21 05:16:37','2016-10-21 05:16:37',NULL,NULL,NULL,NULL),(61,'YU Yureka S','YU Yureka S',22,NULL,'2016-10-21 05:16:37','2016-10-21 05:16:37',NULL,NULL,NULL,NULL),(62,'Huawei G9 Plus','Huawei G9 Plus',14,NULL,'2016-10-21 05:16:37','2016-10-21 05:16:37',NULL,NULL,NULL,NULL),(63,'Huawei nova','Huawei nova',14,NULL,'2016-10-21 05:16:37','2016-10-21 05:16:37',NULL,NULL,NULL,NULL),(64,'Unnecto Bolt','Unnecto Bolt',23,NULL,'2016-10-21 05:16:37','2016-10-21 05:16:37',NULL,NULL,NULL,NULL),(65,'Unnecto Neo V','Unnecto Neo V',23,NULL,'2016-10-21 05:16:37','2016-10-21 05:16:37',NULL,NULL,NULL,NULL),(66,'Unnecto Quattro S','Unnecto Quattro S',23,NULL,'2016-10-21 05:16:37','2016-10-21 05:16:37',NULL,NULL,NULL,NULL),(67,'Unnecto Quattro V','Unnecto Quattro V',23,NULL,'2016-10-21 05:16:37','2016-10-21 05:16:37',NULL,NULL,NULL,NULL),(68,'Unnecto Drone XS','Unnecto Drone XS',23,NULL,'2016-10-21 05:16:37','2016-10-21 05:16:37',NULL,NULL,NULL,NULL),(69,'Unnecto Primo 2G','Unnecto Primo 2G',23,NULL,'2016-10-21 05:16:37','2016-10-21 05:16:37',NULL,NULL,NULL,NULL),(70,'HTC Desire 10 Pro','HTC Desire 10 Pro',19,NULL,'2016-10-21 05:16:37','2016-10-21 05:16:37',NULL,NULL,NULL,NULL),(71,'HTC Desire 10 Lifestyle','HTC Desire 10 Lifestyle',19,NULL,'2016-10-21 05:16:38','2016-10-21 05:16:38',NULL,NULL,NULL,NULL),(72,'LeEco Le 2s','LeEco Le 2s',2,NULL,'2016-10-21 05:16:38','2016-10-21 05:16:38',NULL,NULL,NULL,NULL),(73,'Lava P7+','Lava P7+',5,NULL,'2016-10-21 05:16:38','2016-10-21 05:16:38',NULL,NULL,NULL,NULL),(74,'Coolpad Torino','Coolpad Torino',10,NULL,'2016-10-21 05:16:38','2016-10-21 05:16:38',NULL,NULL,NULL,NULL),(75,'LeEco Cool1 dual','LeEco Cool1 dual',2,NULL,'2016-10-21 05:16:38','2016-10-21 05:16:38',NULL,NULL,NULL,NULL),(76,'Asus Zenwatch 3 WI503Q','Asus Zenwatch 3 WI503Q',24,NULL,'2016-10-21 05:16:38','2016-10-21 05:16:38',NULL,NULL,NULL,NULL),(77,'Coolpad Note 3 Plus','Coolpad Note 3 Plus',10,NULL,'2016-10-21 05:16:38','2016-10-21 05:16:38',NULL,NULL,NULL,NULL),(78,'LG K3','LG K3',25,NULL,'2016-10-21 05:16:38','2016-10-21 05:16:38',NULL,NULL,NULL,NULL),(79,'Kyocera DuraForce Pro','Kyocera DuraForce Pro',26,NULL,'2016-10-21 05:16:38','2016-10-21 05:16:38',NULL,NULL,NULL,NULL),(80,'Coolpad Mega','Coolpad Mega',10,NULL,'2016-10-21 05:16:38','2016-10-21 05:16:38',NULL,NULL,NULL,NULL),(81,'Samsung Galaxy On5 (2016)','Samsung Galaxy On5 (2016)',4,'2016-10-27 04:47:00','2016-10-21 05:16:38','2016-10-27 04:47:53','samsung-galaxy-on5.jpg','image/jpeg',12392,'2016-10-27 04:47:52'),(82,'Samsung Galaxy On7 (2016)','Samsung Galaxy On7 (2016)',4,'2016-10-27 04:47:00','2016-10-21 05:16:38','2016-10-27 04:48:08','samsung-galaxy-on7-.jpg','image/jpeg',8735,'2016-10-27 04:48:08'),(83,'Meizu m3e','Meizu m3e',12,NULL,'2016-10-21 05:16:38','2016-10-21 05:16:38',NULL,NULL,NULL,NULL),(84,'Xiaomi Redmi 4','Xiaomi Redmi 4',20,NULL,'2016-10-21 05:16:38','2016-10-21 05:16:38',NULL,NULL,NULL,NULL),(85,'Asus Zenfone Go ZB450KL','Asus Zenfone Go ZB450KL',24,NULL,'2016-10-21 05:16:38','2016-10-21 05:16:38',NULL,NULL,NULL,NULL),(86,'Micromax Bolt Q381','Micromax Bolt Q381',27,NULL,'2016-10-21 05:16:38','2016-10-21 05:16:38',NULL,NULL,NULL,NULL),(87,'Micromax Canvas Mega 2 Q426','Micromax Canvas Mega 2 Q426',27,NULL,'2016-10-21 05:16:38','2016-10-21 05:16:38',NULL,NULL,NULL,NULL),(88,'Micromax Canvas Spark 2 Plus Q350','Micromax Canvas Spark 2 Plus Q350',27,NULL,'2016-10-21 05:16:39','2016-10-21 05:16:39',NULL,NULL,NULL,NULL),(89,'Micromax Canvas Spark 3 Q385','Micromax Canvas Spark 3 Q385',27,NULL,'2016-10-21 05:16:39','2016-10-21 05:16:39',NULL,NULL,NULL,NULL),(90,'Micromax Canvas Amaze 2 E457','Micromax Canvas Amaze 2 E457',27,NULL,'2016-10-21 05:16:39','2016-10-21 05:16:39',NULL,NULL,NULL,NULL),(91,'BLU Studio C 8+8','BLU Studio C 8+8',7,NULL,'2016-10-21 05:16:39','2016-10-21 05:16:39',NULL,NULL,NULL,NULL),(92,'BLU Studio C 8+8 LTE','BLU Studio C 8+8 LTE',7,NULL,'2016-10-21 05:16:39','2016-10-21 05:16:39',NULL,NULL,NULL,NULL),(93,'BLU Neo X LTE','BLU Neo X LTE',7,NULL,'2016-10-21 05:16:39','2016-10-21 05:16:39',NULL,NULL,NULL,NULL),(94,'BLU Energy M','BLU Energy M',7,NULL,'2016-10-21 05:16:39','2016-10-21 05:16:39',NULL,NULL,NULL,NULL),(95,'BLU Energy Diamond','BLU Energy Diamond',7,NULL,'2016-10-21 05:16:39','2016-10-21 05:16:39',NULL,NULL,NULL,NULL),(96,'BLU Diamond M','BLU Diamond M',7,NULL,'2016-10-21 05:16:39','2016-10-21 05:16:39',NULL,NULL,NULL,NULL),(97,'Xiaomi Redmi 3s Prime','Xiaomi Redmi 3s Prime',20,NULL,'2016-10-21 05:16:39','2016-10-21 05:16:39',NULL,NULL,NULL,NULL),(98,'Allview X3 Soul Style','Allview X3 Soul Style',28,NULL,'2016-10-21 05:16:39','2016-10-21 05:16:39',NULL,NULL,NULL,NULL),(99,'Allview X3 Soul Plus','Allview X3 Soul Plus',28,NULL,'2016-10-21 05:16:39','2016-10-21 05:16:39',NULL,NULL,NULL,NULL),(100,'Allview X3 Soul Lite','Allview X3 Soul Lite',28,NULL,'2016-10-21 05:16:39','2016-10-21 05:16:39',NULL,NULL,NULL,NULL);
/*!40000 ALTER TABLE `phones` ENABLE KEYS */;
UNLOCK TABLES;

--
-- Table structure for table `schema_migrations`
--

DROP TABLE IF EXISTS `schema_migrations`;
/*!40101 SET @saved_cs_client     = @@character_set_client */;
/*!40101 SET character_set_client = utf8 */;
CREATE TABLE `schema_migrations` (
  `version` varchar(255) NOT NULL,
  PRIMARY KEY (`version`)
) ENGINE=InnoDB DEFAULT CHARSET=utf8;
/*!40101 SET character_set_client = @saved_cs_client */;

--
-- Dumping data for table `schema_migrations`
--

LOCK TABLES `schema_migrations` WRITE;
/*!40000 ALTER TABLE `schema_migrations` DISABLE KEYS */;
INSERT INTO `schema_migrations` VALUES ('20161012043027'),('20161012043058'),('20161012043636'),('20161012055348'),('20161012080913'),('20161013080234'),('20161015101549'),('20161019031419'),('20161019212424');
/*!40000 ALTER TABLE `schema_migrations` ENABLE KEYS */;
UNLOCK TABLES;
/*!40103 SET TIME_ZONE=@OLD_TIME_ZONE */;

/*!40101 SET SQL_MODE=@OLD_SQL_MODE */;
/*!40014 SET FOREIGN_KEY_CHECKS=@OLD_FOREIGN_KEY_CHECKS */;
/*!40014 SET UNIQUE_CHECKS=@OLD_UNIQUE_CHECKS */;
/*!40101 SET CHARACTER_SET_CLIENT=@OLD_CHARACTER_SET_CLIENT */;
/*!40101 SET CHARACTER_SET_RESULTS=@OLD_CHARACTER_SET_RESULTS */;
/*!40101 SET COLLATION_CONNECTION=@OLD_COLLATION_CONNECTION */;
/*!40111 SET SQL_NOTES=@OLD_SQL_NOTES */;

-- Dump completed on 2016-10-28 15:57:09
